route_key,origin,dest,origin_airport_key,dest_airport_key
DFW-CID,DFW,CID,11298,11003
SHV-DFW,SHV,DFW,14814,11298
MIA-TLH,MIA,TLH,13303,15249
ORD-MKE,ORD,MKE,13930,13342
EYW-MIA,EYW,MIA,11624,13303
ORD-LIT,ORD,LIT,13930,12992
CVG-MIA,CVG,MIA,11193,13303
DCA-CMH,DCA,CMH,11278,11066
DRO-DFW,DRO,DFW,11413,11298
IAH-ORD,IAH,ORD,12266,13930
TRI-DFW,TRI,DFW,15323,11298
LSE-ORD,LSE,ORD,13076,13930
FSM-DFW,FSM,DFW,11778,11298
GRB-ORD,GRB,ORD,11977,13930
MLI-ORD,MLI,ORD,13367,13930
GSO-MIA,GSO,MIA,11995,13303
FSD-ORD,FSD,ORD,11775,13930
SJT-DFW,SJT,DFW,14842,11298
MIA-GSP,MIA,GSP,13303,11996
LIT-ORD,LIT,ORD,12992,13930
BIL-PHX,BIL,PHX,10620,14107
SYR-MIA,SYR,MIA,15096,13303
PSP-AUS,PSP,AUS,14262,10423
ELP-AUS,ELP,AUS,11540,10423
BNA-AUS,BNA,AUS,10693,10423
MSN-ORD,MSN,ORD,13485,13930
MAF-DFW,MAF,DFW,13158,11298
DFW-DAY,DFW,DAY,11298,11267
ORD-MEM,ORD,MEM,13930,13244
ORD-BDL,ORD,BDL,13930,10529
ORD-HPN,ORD,HPN,13930,12197
TYS-ORD,TYS,ORD,15412,13930
ORD-PIA,ORD,PIA,13930,14108
CHA-DFW,CHA,DFW,10980,11298
DFW-BIS,DFW,BIS,11298,10627
MIA-GRR,MIA,GRR,13303,11986
MIA-SYR,MIA,SYR,13303,15096
ORD-MSN,ORD,MSN,13930,13485
TUL-ORD,TUL,ORD,15370,13930
AUS-RNO,AUS,RNO,10423,14570
ORD-AVP,ORD,AVP,13930,10434
ORD-DSM,ORD,DSM,13930,11423
TPA-RDU,TPA,RDU,15304,14492
AUS-OKC,AUS,OKC,10423,13851
DFW-LFT,DFW,LFT,11298,12951
HSV-DFW,HSV,DFW,12217,11298
DFW-AUS,DFW,AUS,11298,10423
ORD-FAR,ORD,FAR,13930,11637
ORD-OKC,ORD,OKC,13930,13851
MCI-AUS,MCI,AUS,13198,10423
EWR-MYR,EWR,MYR,11618,13577
DFW-ATL,DFW,ATL,11298,10397
SJU-MCO,SJU,MCO,14843,13204
LAX-BNA,LAX,BNA,12892,10693
ACY-RSW,ACY,RSW,10158,14635
RSW-BOS,RSW,BOS,14635,10721
EWR-BNA,EWR,BNA,11618,10693
DTW-TPA,DTW,TPA,11433,15304
SJU-MIA,SJU,MIA,14843,13303
IAH-DEN,IAH,DEN,12266,11292
DEN-IAH,DEN,IAH,11292,12266
PIT-RSW,PIT,RSW,14122,14635
LAX-IAH,LAX,IAH,12892,12266
FLL-DEN,FLL,DEN,11697,11292
MSP-DTW,MSP,DTW,13487,11433
DTW-FLL,DTW,FLL,11433,11697
LGA-CLT,LGA,CLT,12953,11057
BNA-MCO,BNA,MCO,10693,13204
OAK-LAS,OAK,LAS,13796,12889
IAH-FLL,IAH,FLL,12266,11697
DTW-ATL,DTW,ATL,11433,10397
BWI-MCO,BWI,MCO,10821,13204
MCO-BQN,MCO,BQN,13204,10732
PIT-FLL,PIT,FLL,14122,11697
FLL-ACY,FLL,ACY,11697,10158
LAS-PHX,LAS,PHX,12889,14107
DFW-FLL,DFW,FLL,11298,11697
ORD-DFW,ORD,DFW,13930,11298
RDU-MCO,RDU,MCO,14492,13204
BWI-DEN,BWI,DEN,10821,11292
DTW-MYR,DTW,MYR,11433,13577
ROC-MCO,ROC,MCO,14576,13204
PHL-IAH,PHL,IAH,14100,12266
BNA-FLL,BNA,FLL,10693,11697
BOS-MIA,BOS,MIA,10721,13303
SNA-SMF,SNA,SMF,14908,14893
SRQ-BWI,SRQ,BWI,14986,10821
STL-BNA,STL,BNA,15016,10693
STL-CMH,STL,CMH,15016,11066
STL-DCA,STL,DCA,15016,11278
STL-DTW,STL,DTW,15016,11433
STL-MSP,STL,MSP,15016,13487
STL-RDU,STL,RDU,15016,14492
TPA-AUS,TPA,AUS,15304,10423
TPA-BNA,TPA,BNA,15304,10693
TPA-DCA,TPA,DCA,15304,11278
TPA-MDW,TPA,MDW,15304,13232
TPA-STL,TPA,STL,15304,15016
TUL-DAL,TUL,DAL,15370,11259
ABQ-PHX,ABQ,PHX,10140,14107
ALB-MDW,ALB,MDW,10257,13232
ATL-DEN,ATL,DEN,10397,11292
ATL-IND,ATL,IND,10397,12339
ATL-PHX,ATL,PHX,10397,14107
ATL-SRQ,ATL,SRQ,10397,14986
AUS-BUR,AUS,BUR,10423,10800
AUS-DCA,AUS,DCA,10423,11278
AUS-FLL,AUS,FLL,10423,11697
AUS-MDW,AUS,MDW,10423,13232
BHM-DEN,BHM,DEN,10599,11292
BNA-JAX,BNA,JAX,10693,12451
BNA-STL,BNA,STL,10693,15016
BOI-SAN,BOI,SAN,10713,14679
BUR-AUS,BUR,AUS,10800,10423
BUR-PHX,BUR,PHX,10800,14107
BUR-SLC,BUR,SLC,10800,14869
BWI-SAN,BWI,SAN,10821,14679
BWI-SAT,BWI,SAT,10821,14683
CHS-BNA,CHS,BNA,10994,10693
CLE-BNA,CLE,BNA,11042,10693
CLE-DEN,CLE,DEN,11042,11292
CLT-BNA,CLT,BNA,11057,10693
CMH-RSW,CMH,RSW,11066,14635
DAL-AUS,DAL,AUS,11259,10423
DAL-CMH,DAL,CMH,11259,11066
DAL-ELP,DAL,ELP,11259,11540
DAL-IAH,DAL,IAH,11259,12266
DAL-MEM,DAL,MEM,11259,13244
DAL-MKE,DAL,MKE,11259,13342
DAL-ORD,DAL,ORD,11259,13930
DAL-SJC,DAL,SJC,11259,14831
DCA-MKE,DCA,MKE,11278,13342
DEN-BOS,DEN,BOS,11292,10721
DEN-BWI,DEN,BWI,11292,10821
DEN-DSM,DEN,DSM,11292,11423
DEN-MCO,DEN,MCO,11292,13204
DEN-MTJ,DEN,MTJ,11292,13502
DEN-ONT,DEN,ONT,11292,13891
DEN-PHX,DEN,PHX,11292,14107
DEN-SAN,DEN,SAN,11292,14679
DEN-SMF,DEN,SMF,11292,14893
ELP-SAT,ELP,SAT,11540,14683
FLL-AUS,FLL,AUS,11697,10423
FLL-MCI,FLL,MCI,11697,13198
FLL-MDW,FLL,MDW,11697,13232
GSP-BWI,GSP,BWI,11996,10821
HDN-DEN,HDN,DEN,12094,11292
HOU-BWI,HOU,BWI,12191,10821
HOU-HRL,HOU,HRL,12191,12206
HOU-MIA,HOU,MIA,12191,13303
HOU-OKC,HOU,OKC,12191,13851
IAD-MDW,IAD,MDW,12264,13232
IND-BWI,IND,BWI,12339,10821
JAN-BWI,JAN,BWI,12448,10821
JAX-MDW,JAX,MDW,12451,13232
JAX-STL,JAX,STL,12451,15016
LAS-OGG,LAS,OGG,12889,13830
LAS-PSP,LAS,PSP,12889,14262
LAS-SJC,LAS,SJC,12889,14831
LAS-TUS,LAS,TUS,12889,15376
LAX-HNL,LAX,HNL,12892,12173
LBB-AUS,LBB,AUS,12896,10423
LGA-ATL,LGA,ATL,12953,10397
LGA-MDW,LGA,MDW,12953,13232
LGB-DEN,LGB,DEN,12954,11292
MAF-DEN,MAF,DEN,13158,11292
MCI-DAL,MCI,DAL,13198,11259
MCI-DEN,MCI,DEN,13198,11292
MCO-ISP,MCO,ISP,13204,12391
MCO-PHX,MCO,PHX,13204,14107
MDW-BHM,MDW,BHM,13232,10599
MDW-BUF,MDW,BUF,13232,10792
MDW-CMH,MDW,CMH,13232,11066
MDW-DAL,MDW,DAL,13232,11259
MDW-DEN,MDW,DEN,13232,11292
MDW-FLL,MDW,FLL,13232,11697
MDW-IAH,MDW,IAH,13232,12266
MDW-LGB,MDW,LGB,13232,12954
MDW-PVD,MDW,PVD,13232,14307
MDW-ROC,MDW,ROC,13232,14576
MDW-SJC,MDW,SJC,13232,14831
MKE-MCO,MKE,MCO,13342,13204
MSP-MDW,MSP,MDW,13487,13232
MSY-BNA,MSY,BNA,13495,10693
OAK-OGG,OAK,OGG,13796,13830
OAK-RNO,OAK,RNO,13796,14570
OAK-SEA,OAK,SEA,13796,14747
OGG-HNL,OGG,HNL,13830,12173
OKC-DCA,OKC,DCA,13851,11278
OKC-LAS,OKC,LAS,13851,12889
OMA-DAL,OMA,DAL,13871,11259
OMA-DCA,OMA,DCA,13871,11278
ONT-DAL,ONT,DAL,13891,11259
PDX-PHX,PDX,PHX,14057,14107
PHX-DAL,PHX,DAL,14107,11259
PHX-DEN,PHX,DEN,14107,11292
PHX-MSY,PHX,MSY,14107,13495
PHX-ONT,PHX,ONT,14107,13891
PHX-PSP,PHX,PSP,14107,14262
PHX-SEA,PHX,SEA,14107,14747
PHX-TPA,PHX,TPA,14107,15304
RDU-ATL,RDU,ATL,14492,10397
RDU-FLL,RDU,FLL,14492,11697
RIC-ATL,RIC,ATL,14524,10397
RNO-LAX,RNO,LAX,14570,12892
RNO-OAK,RNO,OAK,14570,13796
RSW-CMH,RSW,CMH,14635,11066
SAN-HNL,SAN,HNL,14679,12173
SAT-OKC,SAT,OKC,14683,13851
SAT-TPA,SAT,TPA,14683,15304
SJC-BOI,SJC,BOI,14831,10713
SJC-HOU,SJC,HOU,14831,12191
SJC-LAS,SJC,LAS,14831,12889
SJC-LGB,SJC,LGB,14831,12954
SJC-PHX,SJC,PHX,14831,14107
SLC-PHX,SLC,PHX,14869,14107
SMF-HNL,SMF,HNL,14893,12173
SMF-LGB,SMF,LGB,14893,12954
SMF-PDX,SMF,PDX,14893,14057
SMF-SLC,SMF,SLC,14893,14869
SNA-MDW,SNA,MDW,14908,13232
CLT-CLE,CLT,CLE,11057,11042
DFW-OKC,DFW,OKC,11298,13851
IND-PHL,IND,PHL,12339,14100
ONT-DFW,ONT,DFW,13891,11298
CLT-PBI,CLT,PBI,11057,14027
DCA-MIA,DCA,MIA,11278,13303
DFW-EGE,DFW,EGE,11298,11503
IND-CLT,IND,CLT,12339,11057
JAC-MIA,JAC,MIA,12441,13303
MCI-CLT,MCI,CLT,13198,11057
DTW-CLT,DTW,CLT,11433,11057
ORD-PHL,ORD,PHL,13930,14100
CLT-AVP,CLT,AVP,11057,10434
STL-DFW,STL,DFW,15016,11298
BNA-DFW,BNA,DFW,10693,11298
DFW-SAN,DFW,SAN,11298,14679
ORD-PSP,ORD,PSP,13930,14262
OMA-CLT,OMA,CLT,13871,11057
DFW-ONT,DFW,ONT,11298,13891
CMH-CLT,CMH,CLT,11066,11057
DFW-BDL,DFW,BDL,11298,10529
CMH-PHL,CMH,PHL,11066,14100
CLT-BOS,CLT,BOS,11057,10721
CLT-SDF,CLT,SDF,11057,14730
LGA-DFW,LGA,DFW,12953,11298
DFW-TUL,DFW,TUL,11298,15370
DFW-MSY,DFW,MSY,11298,13495
IAH-CLT,IAH,CLT,12266,11057
LAX-CLT,LAX,CLT,12892,11057
MIA-SDF,MIA,SDF,13303,14730
DFW-IAH,DFW,IAH,11298,12266
JFK-MIA,JFK,MIA,12478,13303
JFK-ORD,JFK,ORD,12478,13930
CLT-AGS,CLT,AGS,11057,10208
JFK-DFW,JFK,DFW,12478,11298
DFW-SMF,DFW,SMF,11298,14893
DFW-PBI,DFW,PBI,11298,14027
SAT-ORD,SAT,ORD,14683,13930
MIA-LAX,MIA,LAX,13303,12892
BHM-LGA,BHM,LGA,10599,12953
CAE-ATL,CAE,ATL,10868,10397
LGA-BHM,LGA,BHM,12953,10599
LGA-BUF,LGA,BUF,12953,10792
JFK-CHS,JFK,CHS,12478,10994
SCE-LGA,SCE,LGA,14711,12953
JFK-SAV,JFK,SAV,12478,14685
TYS-ATL,TYS,ATL,15412,10397
ATL-MDT,ATL,MDT,10397,13230
MDT-ATL,MDT,ATL,13230,10397
CLT-JFK,CLT,JFK,11057,12478
ROC-JFK,ROC,JFK,14576,12478
DTW-JFK,DTW,JFK,11433,12478
ATL-DAY,ATL,DAY,10397,11267
CHA-DTW,CHA,DTW,10980,11433
SAV-LGA,SAV,LGA,14685,12953
CVG-DTW,CVG,DTW,11193,11433
LGA-IND,LGA,IND,12953,12339
MSP-GRR,MSP,GRR,13487,11986
ATL-ILM,ATL,ILM,10397,12323
MSP-CWA,MSP,CWA,13487,11203
EWR-RDU,EWR,RDU,11618,14492
ATL-MLU,ATL,MLU,10397,13377
ATL-CSG,ATL,CSG,10397,11150
CSG-ATL,CSG,ATL,11150,10397
LGA-TYS,LGA,TYS,12953,15412
ATL-AEX,ATL,AEX,10397,10185
DSM-DTW,DSM,DTW,11423,11433
JFK-RDU,JFK,RDU,12478,14492
CLT-TYS,CLT,TYS,11057,15412
PWM-CLT,PWM,CLT,14321,11057
PHL-CVG,PHL,CVG,14100,11193
TRI-CLT,TRI,CLT,15323,11057
CHO-CLT,CHO,CLT,10990,11057
BTV-PHL,BTV,PHL,10785,14100
OAJ-CLT,OAJ,CLT,13795,11057
DCA-CHA,DCA,CHA,11278,10980
MGM-DCA,MGM,DCA,13277,11278
DCA-PIT,DCA,PIT,11278,14122
CLT-CVG,CLT,CVG,11057,11193
EWN-CLT,EWN,CLT,11617,11057
BHM-PHL,BHM,PHL,10599,14100
CLT-DCA,CLT,DCA,11057,11278
CLE-DCA,CLE,DCA,11042,11278
DCA-TUL,DCA,TUL,11278,15370
EWR-SNA,EWR,SNA,11618,14908
EWR-SAV,EWR,SAV,11618,14685
SAN-EWR,SAN,EWR,14679,11618
EWR-CHS,EWR,CHS,11618,10994
SMF-ORD,SMF,ORD,14893,13930
CLE-EWR,CLE,EWR,11042,11618
SFO-ATL,SFO,ATL,14771,10397
HNL-SFO,HNL,SFO,12173,14771
LAX-IAD,LAX,IAD,12892,12264
ATL-SFO,ATL,SFO,10397,14771
LAS-EWR,LAS,EWR,12889,11618
SNA-ORD,SNA,ORD,14908,13930
EWR-SMF,EWR,SMF,11618,14893
IAD-TPA,IAD,TPA,12264,15304
MCI-EWR,MCI,EWR,13198,11618
IAD-EWR,IAD,EWR,12264,11618
SEA-EWR,SEA,EWR,14747,11618
ORD-SRQ,ORD,SRQ,13930,14986
EWR-BQN,EWR,BQN,11618,10732
ORD-SYR,ORD,SYR,13930,15096
IND-SFO,IND,SFO,12339,14771
LIH-LAX,LIH,LAX,12982,12892
DTW-IAH,DTW,IAH,11433,12266
CHS-EWR,CHS,EWR,10994,11618
IAD-SMF,IAD,SMF,12264,14893
DEN-ANC,DEN,ANC,11292,10299
SFO-IAD,SFO,IAD,14771,12264
IAH-MSP,IAH,MSP,12266,13487
IAH-GSP,IAH,GSP,12266,11996
EWR-IAD,EWR,IAD,11618,12264
PBI-IAH,PBI,IAH,14027,12266
BZN-LAX,BZN,LAX,10849,12892
IAH-SLC,IAH,SLC,12266,14869
SFO-ANC,SFO,ANC,14771,10299
GJT-DEN,GJT,DEN,11921,11292
ORD-MSO,ORD,MSO,13930,13486
DEN-DCA,DEN,DCA,11292,11278
DEN-OGG,DEN,OGG,11292,13830
KOA-DEN,KOA,DEN,12758,11292
IAH-ANC,IAH,ANC,12266,10299
IAH-CHS,IAH,CHS,12266,10994
ANC-SFO,ANC,SFO,10299,14771
GTF-DEN,GTF,DEN,12003,11292
FAT-ORD,FAT,ORD,11638,13930
EWR-ANC,EWR,ANC,11618,10299
GEG-ORD,GEG,ORD,11884,13930
SAN-JFK,SAN,JFK,14679,12478
KTN-JNU,KTN,JNU,12819,12523
ADQ-ANC,ADQ,ANC,10170,10299
OTZ-ANC,OTZ,ANC,13970,10299
ANC-PDX,ANC,PDX,10299,14057
FAI-ANC,FAI,ANC,11630,10299
SEA-BOS,SEA,BOS,14747,10721
ATL-SEA,ATL,SEA,10397,14747
OMA-SEA,OMA,SEA,13871,14747
CHS-SEA,CHS,SEA,10994,14747
SEA-ABQ,SEA,ABQ,14747,10140
ANC-HNL,ANC,HNL,10299,12173
SAN-OGG,SAN,OGG,14679,13830
SEA-RDM,SEA,RDM,14747,14489
SEA-PSC,SEA,PSC,14747,14252
SNA-PDX,SNA,PDX,14908,14057
PDX-SAN,PDX,SAN,14057,14679
PDX-PSP,PDX,PSP,14057,14262
LAX-PDX,LAX,PDX,12892,14057
PDX-LAX,PDX,LAX,14057,12892
GEG-SAN,GEG,SAN,11884,14679
ANC-SCC,ANC,SCC,10299,14709
AUS-PDX,AUS,PDX,10423,14057
PDX-OGG,PDX,OGG,14057,13830
RDU-BOS,RDU,BOS,14492,10721
JAX-FLL,JAX,FLL,12451,11697
PBI-HPN,PBI,HPN,14027,12197
JFK-RSW,JFK,RSW,12478,14635
JFK-TPA,JFK,TPA,12478,15304
ACK-HPN,ACK,HPN,10154,12197
JFK-IAH,JFK,IAH,12478,12266
MVY-JFK,MVY,JFK,13541,12478
BOS-ROC,BOS,ROC,10721,14576
ATL-FWA,ATL,FWA,10397,11823
TUS-SLC,TUS,SLC,15376,14869
SBN-MSP,SBN,MSP,14696,13487
DTW-ELM,DTW,ELM,11433,11537
SEA-ALW,SEA,ALW,14747,10275
OMA-DTW,OMA,DTW,13871,11433
MSP-IMT,MSP,IMT,13487,12335
MSP-BRD,MSP,BRD,13487,10739
MSP-RHI,MSP,RHI,13487,14520
CDC-SLC,CDC,SLC,10918,14869
SLC-WYS,SLC,WYS,14869,15897
OKC-MSP,OKC,MSP,13851,13487
FWA-MSP,FWA,MSP,11823,13487
COS-SLC,COS,SLC,11109,14869
DTW-FWA,DTW,FWA,11433,11823
SLC-IDA,SLC,IDA,14869,12280
SEA-MFR,SEA,MFR,14747,13264
SLC-LWS,SLC,LWS,14869,13127
SLC-BTM,SLC,BTM,14869,10779
SAN-FCA,SAN,FCA,14679,11648
SAN-MRY,SAN,MRY,14679,13476
STS-BUR,STS,BUR,15023,10800
RDD-SEA,RDD,SEA,14487,14747
BUR-STS,BUR,STS,10800,15023
SEA-RDD,SEA,RDD,14747,14487
WYS-SLC,WYS,SLC,15897,14869
RAP-MSP,RAP,MSP,14457,13487
SAN-JAC,SAN,JAC,14679,12441
FAT-SLC,FAT,SLC,11638,14869
DEN-SUN,DEN,SUN,11292,15041
XWA-DEN,XWA,DEN,16869,11292
ORD-DLH,ORD,DLH,13930,11337
ORD-SLN,ORD,SLN,13930,14877
BIH-SFO,BIH,SFO,10617,14771
JLN-DEN,JLN,DEN,12511,11292
PSC-DEN,PSC,DEN,14252,11292
DFW-AEX,DFW,AEX,11298,10185
FLG-DFW,FLG,DFW,11695,11298
DFW-ROW,DFW,ROW,11298,14588
MEI-IAH,MEI,IAH,13241,12266
IAH-BRO,IAH,BRO,12266,10747
DEN-SLN,DEN,SLN,11292,14877
DEN-JLN,DEN,JLN,11292,12511
ORD-JST,ORD,JST,13930,12559
IAH-AMA,IAH,AMA,12266,10279
LFT-IAH,LFT,IAH,12951,12266
SFO-RDD,SFO,RDD,14771,14487
SAF-DEN,SAF,DEN,14674,11292
HOB-DEN,HOB,DEN,12177,11292
ASE-ORD,ASE,ORD,10372,13930
IDA-SLC,IDA,SLC,12280,14869
ACK-ORD,ACK,ORD,10154,13930
SFO-MRY,SFO,MRY,14771,13476
PSC-PHX,PSC,PHX,14252,14107
GTF-MSP,GTF,MSP,12003,13487
SEA-SBP,SEA,SBP,14747,14698
ORD-AVL,ORD,AVL,13930,10431
DFW-BPT,DFW,BPT,11298,10728
DEN-MRY,DEN,MRY,11292,13476
VPS-EWR,VPS,EWR,15624,11618
BLV-SRQ,BLV,SRQ,10676,14986
SFB-FWA,SFB,FWA,14761,11823
PIT-SAV,PIT,SAV,14122,14685
PGD-LCK,PGD,LCK,14082,12917
AZA-MSO,AZA,MSO,10466,13486
SFB-USA,SFB,USA,14761,12544
AVL-SFB,AVL,SFB,10431,14761
LIT-SFB,LIT,SFB,12992,14761
TRI-SFB,TRI,SFB,15323,14761
AZA-CVG,AZA,CVG,10466,11193
BLV-PGD,BLV,PGD,10676,14082
FNT-SFB,FNT,SFB,11721,14761
SBN-SFB,SBN,SFB,14696,14761
PGD-LEX,PGD,LEX,14082,12945
RAP-AZA,RAP,AZA,14457,10466
AVL-SRQ,AVL,SRQ,10431,14986
BNA-PIE,BNA,PIE,10693,14112
SFB-ABE,SFB,ABE,14761,10135
FLL-DSM,FLL,DSM,11697,11423
GRR-FLL,GRR,FLL,11986,11697
LAS-XNA,LAS,XNA,12889,15919
SFB-ATW,SFB,ATW,14761,10408
PIE-MCI,PIE,MCI,14112,13198
VPS-LAS,VPS,LAS,15624,12889
OMA-PIE,OMA,PIE,13871,14112
GSP-PIE,GSP,PIE,11996,14112
PGD-SWF,PGD,SWF,14082,15070
PGD-AVL,PGD,AVL,14082,10431
CHA-SFB,CHA,SFB,10980,14761
AVL-BWI,AVL,BWI,10431,10821
AVL-FLL,AVL,FLL,10431,11697
SFB-TRI,SFB,TRI,14761,15323
PSP-BLI,PSP,BLI,14262,10666
GRR-PBI,GRR,PBI,11986,14027
SRQ-CVG,SRQ,CVG,14986,11193
SFB-BLV,SFB,BLV,14761,10676
MDT-SRQ,MDT,SRQ,13230,14986
SRQ-FWA,SRQ,FWA,14986,11823
AZA-GRR,AZA,GRR,10466,11986
DSM-FLL,DSM,FLL,11423,11697
LCK-SAV,LCK,SAV,12917,14685
TOL-PIE,TOL,PIE,15295,14112
GFK-LAS,GFK,LAS,11898,12889
PGD-MDT,PGD,MDT,14082,13230
TYS-PIE,TYS,PIE,15412,14112
GRR-LAS,GRR,LAS,11986,12889
LAS-PIA,LAS,PIA,12889,14108
SFB-GRR,SFB,GRR,14761,11986
PGD-PIT,PGD,PIT,14082,14122
PIE-GSO,PIE,GSO,14112,11995
BLV-PIE,BLV,PIE,10676,14112
GSO-PIE,GSO,PIE,11995,14112
PIT-PBI,PIT,PBI,14122,14027
PIA-BNA,PIA,BNA,14108,10693
FLL-LEX,FLL,LEX,11697,12945
SWF-PIE,SWF,PIE,15070,14112
EWR-TYS,EWR,TYS,11618,15412
PIE-FNT,PIE,FNT,14112,11721
BMI-SFB,BMI,SFB,10685,14761
AVL-BOS,AVL,BOS,10431,10721
SFB-MDT,SFB,MDT,14761,13230
FWA-SRQ,FWA,SRQ,11823,14986
FAR-PIE,FAR,PIE,11637,14112
MDT-BNA,MDT,BNA,13230,10693
DAY-PGD,DAY,PGD,11267,14082
MDW-PGD,MDW,PGD,13232,14082
PIE-CAK,PIE,CAK,14112,10874
FAR-LAS,FAR,LAS,11637,12889
ABE-MCO,ABE,MCO,10135,13204
USA-SFB,USA,SFB,12544,14761
PIE-SBN,PIE,SBN,14112,14696
PVU-HOU,PVU,HOU,14314,12191
PIE-SWF,PIE,SWF,14112,15070
PIE-SGF,PIE,SGF,14112,14783
SFB-ROA,SFB,ROA,14761,14574
AZA-FWA,AZA,FWA,10466,11823
PIE-MFE,PIE,MFE,14112,13256
CAK-SRQ,CAK,SRQ,10874,14986
GFK-AZA,GFK,AZA,11898,10466
AVL-PBI,AVL,PBI,10431,14027
HOU-TYS,HOU,TYS,12191,15412
CVG-PBI,CVG,PBI,11193,14027
TYS-HOU,TYS,HOU,15412,12191
PHX-SCK,PHX,SCK,14107,14716
HTS-PIE,HTS,PIE,12223,14112
BLI-AZA,BLI,AZA,10666,10466
PIE-MLI,PIE,MLI,14112,13367
AZA-FCA,AZA,FCA,10466,11648
SRQ-BLV,SRQ,BLV,14986,10676
FLL-ATW,FLL,ATW,11697,10408
PGD-IAD,PGD,IAD,14082,12264
FLL-MEM,FLL,MEM,11697,13244
PIE-COS,PIE,COS,14112,11109
CVG-GUF,CVG,GUF,11193,16422
FNT-EWR,FNT,EWR,11721,11618
DFW-EVV,DFW,EVV,11298,11612
ORD-ABE,ORD,ABE,13930,10135
BUF-ORD,BUF,ORD,10792,13930
MYR-DFW,MYR,DFW,13577,11298
SGF-CLT,SGF,CLT,14783,11057
DSM-MIA,DSM,MIA,11423,13303
LAX-AUS,LAX,AUS,12892,10423
RSW-MKE,RSW,MKE,14635,13342
LAS-ABQ,LAS,ABQ,12889,10140
ORD-MIA,ORD,MIA,13930,13303
MCO-PSE,MCO,PSE,13204,14254
AUS-MTJ,AUS,MTJ,10423,13502
BDL-DEN,BDL,DEN,10529,11292
BDL-RSW,BDL,RSW,10529,14635
AUS-PIT,AUS,PIT,10423,14122
BWI-SLC,BWI,SLC,10821,14869
IND-SRQ,IND,SRQ,12339,14986
MSY-SAN,MSY,SAN,13495,14679
PIT-SRQ,PIT,SRQ,14122,14986
RSW-MCI,RSW,MCI,14635,13198
SAN-COS,SAN,COS,14679,11109
SJC-BNA,SJC,BNA,14831,10693
DTW-PHX,DTW,PHX,11433,14107
GRR-MCO,GRR,MCO,11986,13204
LAS-ICT,LAS,ICT,12889,12278
MCO-CVG,MCO,CVG,13204,11193
MDW-SJU,MDW,SJU,13232,14843
PHX-CLE,PHX,CLE,14107,11042
RSW-BUF,RSW,BUF,14635,10792
AUS-JFK,AUS,JFK,10423,12478
PHL-SAN,PHL,SAN,14100,14679
SAN-PHL,SAN,PHL,14679,14100
ORD-SAN,ORD,SAN,13930,14679
DFW-COS,DFW,COS,11298,11109
ORD-SEA,ORD,SEA,13930,14747
DFW-EWR,DFW,EWR,11298,11618
CLT-ONT,CLT,ONT,11057,13891
SLC-CLT,SLC,CLT,14869,11057
CLT-SRQ,CLT,SRQ,11057,14986
DCA-CHS,DCA,CHS,11278,10994
AUS-BZN,AUS,BZN,10423,10849
CLT-GSP,CLT,GSP,11057,11996
GSP-CLT,GSP,CLT,11996,11057
FAR-DFW,FAR,DFW,11637,11298
DFW-GNV,DFW,GNV,11298,11953
TUL-DFW,TUL,DFW,15370,11298
ORD-RDU,ORD,RDU,13930,14492
FAT-PHX,FAT,PHX,11638,14107
BOS-CMH,BOS,CMH,10721,11066
BHM-DFW,BHM,DFW,10599,11298
MIA-AGS,MIA,AGS,13303,10208
ROC-LGA,ROC,LGA,14576,12953
JFK-BWI,JFK,BWI,12478,10821
LGA-CAE,LGA,CAE,12953,10868
MYR-LGA,MYR,LGA,13577,12953
PWM-LGA,PWM,LGA,14321,12953
DAY-LGA,DAY,LGA,11267,12953
LGA-RIC,LGA,RIC,12953,14524
BTV-LGA,BTV,LGA,10785,12953
ATL-AVL,ATL,AVL,10397,10431
JFK-SYR,JFK,SYR,12478,15096
DAY-CLT,DAY,CLT,11267,11057
CLT-LFT,CLT,LFT,11057,12951
PHL-CMH,PHL,CMH,14100,11066
PHL-MSY,PHL,MSY,14100,13495
LIT-CLT,LIT,CLT,12992,11057
PHL-GSP,PHL,GSP,14100,11996
PGV-CLT,PGV,CLT,14092,11057
DCA-TLH,DCA,TLH,11278,15249
SYR-DEN,SYR,DEN,15096,11292
EWR-MEM,EWR,MEM,11618,13244
DTW-SDF,DTW,SDF,11433,14730
BTV-DTW,BTV,DTW,10785,11433
LAX-SDF,LAX,SDF,12892,14730
SEA-MIA,SEA,MIA,14747,13303
MSY-DFW,MSY,DFW,13495,11298
PHX-DCA,PHX,DCA,14107,11278
STT-PHL,STT,PHL,15024,14100
LAX-OMA,LAX,OMA,12892,13871
MEM-PHX,MEM,PHX,13244,14107
PHL-EYW,PHL,EYW,14100,11624
GSO-DFW,GSO,DFW,11995,11298
LAX-RDU,LAX,RDU,12892,14492
RDU-CLT,RDU,CLT,14492,11057
IAH-FCA,IAH,FCA,12266,11648
JAC-IAH,JAC,IAH,12441,12266
XNA-IAH,XNA,IAH,15919,12266
FAT-SFO,FAT,SFO,11638,14771
ECP-STL,ECP,STL,11481,15016
BUR-MDW,BUR,MDW,10800,13232
MDW-PWM,MDW,PWM,13232,14321
BLI-DEN,BLI,DEN,10666,11292
BNA-OKC,BNA,OKC,10693,13851
BZN-DAL,BZN,DAL,10849,11259
ECP-MCI,ECP,MCI,11481,13198
IND-SAN,IND,SAN,12339,14679
MDW-PBI,MDW,PBI,13232,14027
OAK-ATL,OAK,ATL,13796,10397
OKC-BNA,OKC,BNA,13851,10693
PDX-STL,PDX,STL,14057,15016
PIT-MYR,PIT,MYR,14122,13577
SEA-DAL,SEA,DAL,14747,11259
STL-MYR,STL,MYR,15016,13577
STL-VPS,STL,VPS,15016,15624
VPS-STL,VPS,STL,15624,15016
MCI-RDU,MCI,RDU,13198,14492
RDU-HOU,RDU,HOU,14492,12191
TPA-MEM,TPA,MEM,15304,13244
PIT-MIA,PIT,MIA,14122,13303
DSM-CLT,DSM,CLT,11423,11057
RIC-MCO,RIC,MCO,14524,13204
LAX-CHS,LAX,CHS,12892,10994
MVY-LGA,MVY,LGA,13541,12953
SNA-DTW,SNA,DTW,14908,11433
LGA-SLC,LGA,SLC,12953,14869
ATL-PNS,ATL,PNS,10397,14193
LGA-LAX,LGA,LAX,12953,12892
ATL-GSO,ATL,GSO,10397,11995
MSN-ATL,MSN,ATL,13485,10397
MSP-LGA,MSP,LGA,13487,12953
SLC-MCI,SLC,MCI,14869,13198
ATL-PVD,ATL,PVD,10397,14307
LAS-MSP,LAS,MSP,12889,13487
ORF-ATL,ORF,ATL,13931,10397
MSP-TPA,MSP,TPA,13487,15304
GSO-ATL,GSO,ATL,11995,10397
GEG-SLC,GEG,SLC,11884,14869
ATL-ROC,ATL,ROC,10397,14576
MKE-DTW,MKE,DTW,13342,11433
ATL-GEG,ATL,GEG,10397,11884
BZN-SLC,BZN,SLC,10849,14869
MSP-ANC,MSP,ANC,13487,10299
MTJ-ORD,MTJ,ORD,13502,13930
HDN-EWR,HDN,EWR,12094,11618
ORD-SJC,ORD,SJC,13930,14831
PSP-IAH,PSP,IAH,14262,12266
ORD-HDN,ORD,HDN,13930,12094
SFO-RSW,SFO,RSW,14771,14635
PIT-MSP,PIT,MSP,14122,13487
ATL-ICT,ATL,ICT,10397,12278
MSP-TUS,MSP,TUS,13487,15376
MSP-JAC,MSP,JAC,13487,12441
BIS-MSP,BIS,MSP,10627,13487
MSP-PIT,MSP,PIT,13487,14122
MSP-SLC,MSP,SLC,13487,14869
MSP-VPS,MSP,VPS,13487,15624
SLC-MEM,SLC,MEM,14869,13244
MSY-MSP,MSY,MSP,13495,13487
DTW-BDL,DTW,BDL,11433,10529
JAX-DTW,JAX,DTW,12451,11433
MIA-SLC,MIA,SLC,13303,14869
MSP-CMH,MSP,CMH,13487,11066
LGB-ELP,LGB,ELP,12954,11540
MCI-MKE,MCI,MKE,13198,13342
SRQ-BUF,SRQ,BUF,14986,10792
ALB-RSW,ALB,RSW,10257,14635
BUF-SRQ,BUF,SRQ,10792,14986
FLL-SAT,FLL,SAT,11697,14683
GRR-RSW,GRR,RSW,11986,14635
MIA-ILM,MIA,ILM,13303,12323
JFK-PIT,JFK,PIT,12478,14122
LIT-LGA,LIT,LGA,12992,12953
LGA-TUL,LGA,TUL,12953,15370
EYW-DCA,EYW,DCA,11624,11278
BOS-SDF,BOS,SDF,10721,14730
BUF-MIA,BUF,MIA,10792,13303
CLT-SNA,CLT,SNA,11057,14908
DFW-STT,DFW,STT,11298,15024
MIA-SMF,MIA,SMF,13303,14893
MIA-SNA,MIA,SNA,13303,14908
STT-DFW,STT,DFW,15024,11298
SDF-RDU,SDF,RDU,14730,14492
BNA-PDX,BNA,PDX,10693,14057
SEA-SIT,SEA,SIT,14747,14828
TYS-MSP,TYS,MSP,15412,13487
MSP-TYS,MSP,TYS,13487,15412
CLT-RAP,CLT,RAP,11057,14457
JAC-SEA,JAC,SEA,12441,14747
BFL-SFO,BFL,SFO,10561,14771
BZN-PDX,BZN,PDX,10849,14057
LAX-SUN,LAX,SUN,12892,15041
SFO-MSO,SFO,MSO,14771,13486
SFO-BIH,SFO,BIH,14771,10617
ILM-ORD,ILM,ORD,12323,13930
LAX-ACV,LAX,ACV,12892,10157
TVC-IAH,TVC,IAH,15380,12266
PHX-MFR,PHX,MFR,14107,13264
GGG-DFW,GGG,DFW,11905,11298
SFO-SUN,SFO,SUN,14771,15041
DEN-AVL,DEN,AVL,11292,10431
IAH-ONT,IAH,ONT,12266,13891
IAD-ANC,IAD,ANC,12264,10299
BNA-GSP,BNA,GSP,10693,11996
BUR-SAT,BUR,SAT,10800,14683
BZN-MDW,BZN,MDW,10849,13232
MDW-SFO,MDW,SFO,13232,14771
RNO-MDW,RNO,MDW,14570,13232
MIA-SBN,MIA,SBN,13303,14696
RFD-PGD,RFD,PGD,14512,14082
SWF-SFB,SWF,SFB,15070,14761
DFW-GUC,DFW,GUC,11298,12012
IAD-ROC,IAD,ROC,12264,14576
AMA-HOU,AMA,HOU,10279,12191
RSW-ALB,RSW,ALB,14635,10257
IND-BNA,IND,BNA,12339,10693
ATL-FAT,ATL,FAT,10397,11638
FAT-ATL,FAT,ATL,11638,10397
MCI-CMH,MCI,CMH,13198,11066
BNA-MEM,BNA,MEM,10693,13244
ORF-BOS,ORF,BOS,13931,10721
ORD-HHH,ORD,HHH,13930,12124
SAT-DCA,SAT,DCA,14683,11278
LAX-PIT,LAX,PIT,12892,14122
PHL-MVY,PHL,MVY,14100,13541
BOS-MYR,BOS,MYR,10721,13577
HHH-BOS,HHH,BOS,12124,10721
EWR-RIC,EWR,RIC,11618,14524
MYR-MSP,MYR,MSP,13577,13487
MSP-COS,MSP,COS,13487,11109
PNS-DTW,PNS,DTW,14193,11433
SLC-PIT,SLC,PIT,14869,14122
PHL-OMA,PHL,OMA,14100,13871
PQI-BOS,PQI,BOS,14231,10721
BOS-SMF,BOS,SMF,10721,14893
MVY-BOS,MVY,BOS,13541,10721
SJU-HPN,SJU,HPN,14843,12197
SJU-STX,SJU,STX,14843,15027
VPS-HTS,VPS,HTS,15624,12223
OAK-IDA,OAK,IDA,13796,12280
IND-VPS,IND,VPS,12339,15624
JAX-CAK,JAX,CAK,12451,10874
CAK-BNA,CAK,BNA,10874,10693
CAK-JAX,CAK,JAX,10874,12451
SEA-JAX,SEA,JAX,14747,12451
TTN-ATL,TTN,ATL,15356,10397
MCO-ONT,MCO,ONT,13204,13891
MCO-SWF,MCO,SWF,13204,15070
RDU-CLE,RDU,CLE,14492,11042
CLE-RDU,CLE,RDU,11042,14492
TTN-FLL,TTN,FLL,15356,11697
PVD-CVG,PVD,CVG,14307,11193
ICT-VPS,ICT,VPS,12278,15624
PDX-GRR,PDX,GRR,14057,11986
CKB-MYR,CKB,MYR,11027,13577
MYR-IND,MYR,IND,13577,12339
HOU-AZA,HOU,AZA,12191,10466
MFE-BNA,MFE,BNA,13256,10693
LAX-MFE,LAX,MFE,12892,13256
AZA-SAN,AZA,SAN,10466,14679
PVU-SFB,PVU,SFB,14314,14761
MLB-BNA,MLB,BNA,13360,10693
LAX-DSM,LAX,DSM,12892,11423
ORF-PIE,ORF,PIE,13931,14112
PIE-TRI,PIE,TRI,14112,15323
RAP-GCC,RAP,GCC,14457,11865
SAF-AUS,SAF,AUS,14674,10423
HOU-BOS,HOU,BOS,12191,10721
PHL-GRR,PHL,GRR,14100,11986
PGD-RIC,PGD,RIC,14082,14524
RIC-SFB,RIC,SFB,14524,14761
OMA-SRQ,OMA,SRQ,13871,14986
COS-AZA,COS,AZA,11109,10466
VPS-DSM,VPS,DSM,15624,11423
MFR-SAN,MFR,SAN,13264,14679
FLL-MDT,FLL,MDT,11697,13230
SBA-PDX,SBA,PDX,14689,14057
MCO-LBE,MCO,LBE,13204,12898
ASE-PHX,ASE,PHX,10372,14107
MSN-MCO,MSN,MCO,13485,13204
MCO-MSN,MCO,MSN,13204,13485
CVG-STL,CVG,STL,11193,15016
TYS-PBI,TYS,PBI,15412,14027
HRL-ORD,HRL,ORD,12206,13930
IAD-HSV,IAD,HSV,12264,12217
SAN-HDN,SAN,HDN,14679,12094
SEA-HDN,SEA,HDN,14747,12094
IAH-LRD,IAH,LRD,12266,13061
EUG-CMH,EUG,CMH,11603,11066
IAH-MSN,IAH,MSN,12266,13485
CMH-EUG,CMH,EUG,11066,11603
TPA-TYS,TPA,TYS,15304,15412
BIL-ORD,BIL,ORD,10620,13930
EWR-ATW,EWR,ATW,11618,10408
JAX-ATW,JAX,ATW,12451,10408
SGU-LAX,SGU,LAX,14794,12892
DFW-PVU,DFW,PVU,11298,14314
DTW-SMF,DTW,SMF,11433,14893
MKE-MIA,MKE,MIA,13342,13303
EWR-MHT,EWR,MHT,11618,13296
BOI-MCO,BOI,MCO,10713,13204
EWR-CHA,EWR,CHA,11618,10980
ACY-MIA,ACY,MIA,10158,13303
MYR-ROC,MYR,ROC,13577,14576
PAE-DEN,PAE,DEN,14004,11292
PHX-GRB,PHX,GRB,14107,11977
IDA-SEA,IDA,SEA,12280,14747
LAS-STS,LAS,STS,12889,15023
PDX-EUG,PDX,EUG,14057,11603
PSP-STS,PSP,STS,14262,15023
FCA-PDX,FCA,PDX,11648,14057
PVD-MIA,PVD,MIA,14307,13303
BOS-VPS,BOS,VPS,10721,15624
DSM-PSP,DSM,PSP,11423,14262
BDL-LAS,BDL,LAS,10529,12889
SCC-BRW,SCC,BRW,14709,10754
PWM-CVG,PWM,CVG,14321,11193
PHX-MSO,PHX,MSO,14107,13486
MSO-PHX,MSO,PHX,13486,14107
CVG-PNS,CVG,PNS,11193,14193
BWI-PHL,BWI,PHL,10821,14100
EUG-AUS,EUG,AUS,11603,10423
RSW-ATW,RSW,ATW,14635,10408
ABE-RSW,ABE,RSW,10135,14635
PHL-OAK,PHL,OAK,14100,13796
MSN-CMH,MSN,CMH,13485,11066
AVL-USA,AVL,USA,10431,12544
CLT-ACK,CLT,ACK,11057,10154
CLT-MVY,CLT,MVY,11057,13541
BHM-MSN,BHM,MSN,10599,13485
OMA-CMH,OMA,CMH,13871,11066
BUF-HOU,BUF,HOU,10792,12191
XNA-AUS,XNA,AUS,15919,10423
OKC-BTR,OKC,BTR,13851,10781
FLG-LAX,FLG,LAX,11695,12892
SEA-EGE,SEA,EGE,14747,11503
LCH-IAH,LCH,IAH,12915,12266
IAH-PWM,IAH,PWM,12266,14321
ATL-TVC,ATL,TVC,10397,15380
BOI-SBN,BOI,SBN,10713,14696
FWA-FLL,FWA,FLL,11823,11697
SRQ-MCO,SRQ,MCO,14986,13204
DTW-DAB,DTW,DAB,11433,11252
SPI-DFW,SPI,DFW,14952,11298
PHX-ROW,PHX,ROW,14107,14588
JFK-SDF,JFK,SDF,12478,14730
STL-SDF,STL,SDF,15016,14730
MHT-MYR,MHT,MYR,13296,13577
JAN-MIA,JAN,MIA,12448,13303
SCE-CID,SCE,CID,14711,11003
BHM-MKE,BHM,MKE,10599,13342
CMH-TYS,CMH,TYS,11066,15412
GUF-HOU,GUF,HOU,16422,12191
LAX-LNK,LAX,LNK,12892,13029
STL-JFK,STL,JFK,15016,12478
JAC-PHX,JAC,PHX,12441,14107
DFW-DRT,DFW,DRT,11298,11415
MLI-SRQ,MLI,SRQ,13367,14986
SNA-HNL,SNA,HNL,14908,12173
BTR-MCO,BTR,MCO,10781,13204
GSP-SBN,GSP,SBN,11996,14696
SCE-EWR,SCE,EWR,14711,11618
PHL-ROA,PHL,ROA,14100,14574
ROA-PHL,ROA,PHL,14574,14100
LAS-BTR,LAS,BTR,12889,10781
SBN-PHL,SBN,PHL,14696,14100
GSO-IAD,GSO,IAD,11995,12264
AUS-MSN,AUS,MSN,10423,13485
SNA-AZA,SNA,AZA,14908,10466
CLL-BHM,CLL,BHM,11049,10599
PBI-DAL,PBI,DAL,14027,11259
SMF-RNO,SMF,RNO,14893,14570
GJT-EGE,GJT,EGE,11921,11503
DTW-BGR,DTW,BGR,11433,10581
CSG-DFW,CSG,DFW,11150,11298
DEN-PUB,DEN,PUB,11292,14288
MOT-BIS,MOT,BIS,13433,10627
PBI-AGS,PBI,AGS,14027,10208
DSM-ATW,DSM,ATW,11423,10408
HSV-MSN,HSV,MSN,12217,13485
MSP-AGS,MSP,AGS,13487,10208
JAX-LAS,JAX,LAS,12451,12889
LNK-LAX,LNK,LAX,13029,12892
ORD-STX,ORD,STX,13930,15027
MSY-ICT,MSY,ICT,13495,12278
GEG-MKE,GEG,MKE,11884,13342
DFW-ACY,DFW,ACY,11298,10158
MCI-BHM,MCI,BHM,13198,10599
SBN-TLH,SBN,TLH,14696,15249
IAD-JAC,IAD,JAC,12264,12441
SGF-ORD,SGF,ORD,14783,13930
DFW-SHV,DFW,SHV,11298,14814
PHX-TUS,PHX,TUS,14107,15376
MKE-ORD,MKE,ORD,13342,13930
ORD-CMH,ORD,CMH,13930,11066
TVC-ORD,TVC,ORD,15380,13930
ORD-CVG,ORD,CVG,13930,11193
CLT-XNA,CLT,XNA,11057,15919
MCI-ORD,MCI,ORD,13198,13930
ORD-LSE,ORD,LSE,13930,13076
ORD-SGF,ORD,SGF,13930,14783
DCA-LIT,DCA,LIT,11278,12992
LAN-ORD,LAN,ORD,12884,13930
DFW-SGF,DFW,SGF,11298,14783
AUS-PSP,AUS,PSP,10423,14262
SAV-MIA,SAV,MIA,14685,13303
ORD-MSP,ORD,MSP,13930,13487
BMI-ORD,BMI,ORD,10685,13930
ORD-MQT,ORD,MQT,13930,13459
DFW-JAN,DFW,JAN,11298,12448
STL-ORD,STL,ORD,15016,13930
DFW-ICT,DFW,ICT,11298,12278
ORD-CMI,ORD,CMI,13930,11067
RDU-MIA,RDU,MIA,14492,13303
HPN-ORD,HPN,ORD,12197,13930
MIA-XNA,MIA,XNA,13303,15919
ORD-ORF,ORD,ORF,13930,13931
BHM-ORD,BHM,ORD,10599,13930
MSN-MIA,MSN,MIA,13485,13303
DFW-RAP,DFW,RAP,11298,14457
AUS-TUL,AUS,TUL,10423,15370
EWR-MCO,EWR,MCO,11618,13204
EWR-ATL,EWR,ATL,11618,10397
FLL-PHL,FLL,PHL,11697,14100
LAX-LAS,LAX,LAS,12892,12889
DFW-MCO,DFW,MCO,11298,13204
MCO-SJU,MCO,SJU,13204,14843
MCO-PNS,MCO,PNS,13204,14193
TPA-LAS,TPA,LAS,15304,12889
LAS-STL,LAS,STL,12889,15016
LAS-MCO,LAS,MCO,12889,13204
LAS-CLE,LAS,CLE,12889,11042
LAS-BWI,LAS,BWI,12889,10821
MCO-ATL,MCO,ATL,13204,10397
MCO-IAH,MCO,IAH,13204,12266
MCO-DTW,MCO,DTW,13204,11433
RSW-ORD,RSW,ORD,14635,13930
RSW-MHT,RSW,MHT,14635,13296
LAX-BWI,LAX,BWI,12892,10821
ORD-LAS,ORD,LAS,13930,12889
OAK-LAX,OAK,LAX,13796,12892
LGA-MCO,LGA,MCO,12953,13204
MCO-SAT,MCO,SAT,13204,14683
MIA-BWI,MIA,BWI,13303,10821
PHL-ATL,PHL,ATL,14100,10397
PBI-ACY,PBI,ACY,14027,10158
MCO-BWI,MCO,BWI,13204,10821
MYR-MCO,MYR,MCO,13577,13204
LAS-FLL,LAS,FLL,12889,11697
STL-BWI,STL,BWI,15016,10821
STL-HOU,STL,HOU,15016,12191
STL-JAX,STL,JAX,15016,12451
STL-MCI,STL,MCI,15016,13198
TPA-BHM,TPA,BHM,15304,10599
TPA-BWI,TPA,BWI,15304,10821
TPA-CMH,TPA,CMH,15304,11066
TPA-PVD,TPA,PVD,15304,14307
TUL-DEN,TUL,DEN,15370,11292
TUL-HOU,TUL,HOU,15370,12191
TUL-MDW,TUL,MDW,15370,13232
TUL-STL,TUL,STL,15370,15016
TUS-HOU,TUS,HOU,15376,12191
ABQ-DEN,ABQ,DEN,10140,11292
ABQ-HOU,ABQ,HOU,10140,12191
ALB-BWI,ALB,BWI,10257,10821
AMA-DEN,AMA,DEN,10279,11292
ATL-JAX,ATL,JAX,10397,12451
ATL-LGA,ATL,LGA,10397,12953
ATL-MEM,ATL,MEM,10397,13244
ATL-OKC,ATL,OKC,10397,13851
ATL-PIT,ATL,PIT,10397,14122
ATL-RIC,ATL,RIC,10397,14524
AUS-DEN,AUS,DEN,10423,11292
AUS-SAN,AUS,SAN,10423,14679
AUS-SJC,AUS,SJC,10423,14831
BDL-BNA,BDL,BNA,10529,10693
BHM-HOU,BHM,HOU,10599,12191
BNA-DAL,BNA,DAL,10693,11259
BNA-DEN,BNA,DEN,10693,11292
BNA-ECP,BNA,ECP,10693,11481
BNA-LAS,BNA,LAS,10693,12889
BOS-MDW,BOS,MDW,10721,13232
BOS-STL,BOS,STL,10721,15016
BUR-RNO,BUR,RNO,10800,14570
BWI-ALB,BWI,ALB,10821,10257
BWI-AUS,BWI,AUS,10821,10423
BWI-GRR,BWI,GRR,10821,11986
BWI-IND,BWI,IND,10821,12339
BWI-MDW,BWI,MDW,10821,13232
CMH-ATL,CMH,ATL,11066,10397
CMH-BWI,CMH,BWI,11066,10821
CVG-MDW,CVG,MDW,11193,13232
DAL-BWI,DAL,BWI,11259,10821
DAL-LBB,DAL,LBB,11259,12896
DAL-MAF,DAL,MAF,11259,13158
DAL-PNS,DAL,PNS,11259,14193
DAL-SAN,DAL,SAN,11259,14679
DAL-SAV,DAL,SAV,11259,14685
DAL-SLC,DAL,SLC,11259,14869
DAL-STL,DAL,STL,11259,15016
DCA-MCO,DCA,MCO,11278,13204
DCA-STL,DCA,STL,11278,15016
DEN-ATL,DEN,ATL,11292,10397
DEN-BHM,DEN,BHM,11292,10599
DEN-COS,DEN,COS,11292,11109
DEN-LGA,DEN,LGA,11292,12953
DEN-LIT,DEN,LIT,11292,12992
DEN-MSY,DEN,MSY,11292,13495
DEN-OAK,DEN,OAK,11292,13796
DEN-OMA,DEN,OMA,11292,13871
DEN-PSP,DEN,PSP,11292,14262
DEN-SEA,DEN,SEA,11292,14747
DEN-SFO,DEN,SFO,11292,14771
DEN-SNA,DEN,SNA,11292,14908
DEN-STL,DEN,STL,11292,15016
DSM-STL,DSM,STL,11423,15016
ECP-BNA,ECP,BNA,11481,10693
ELP-LAS,ELP,LAS,11540,12889
ELP-LAX,ELP,LAX,11540,12892
ELP-PHX,ELP,PHX,11540,14107
FLL-DCA,FLL,DCA,11697,11278
GEG-DEN,GEG,DEN,11884,11292
GSP-ATL,GSP,ATL,11996,10397
HNL-LAS,HNL,LAS,12173,12889
HNL-SJC,HNL,SJC,12173,14831
HNL-SMF,HNL,SMF,12173,14893
HOU-JAN,HOU,JAN,12191,12448
HOU-MCI,HOU,MCI,12191,13198
HOU-OMA,HOU,OMA,12191,13871
HOU-PHX,HOU,PHX,12191,14107
HOU-SAT,HOU,SAT,12191,14683
HOU-SDF,HOU,SDF,12191,14730
HOU-TPA,HOU,TPA,12191,15304
HOU-TUL,HOU,TUL,12191,15370
ISP-PBI,ISP,PBI,12391,14027
ITO-HNL,ITO,HNL,12402,12173
JAN-HOU,JAN,HOU,12448,12191
JAX-BWI,JAX,BWI,12451,10821
KOA-HNL,KOA,HNL,12758,12173
KOA-OAK,KOA,OAK,12758,13796
LAS-GEG,LAS,GEG,12889,11884
LAS-MKE,LAS,MKE,12889,13342
LAS-SFO,LAS,SFO,12889,14771
LGA-DAL,LGA,DAL,12953,11259
LGA-DEN,LGA,DEN,12953,11292
LGB-PHX,LGB,PHX,12954,14107
MAF-DAL,MAF,DAL,13158,11259
MCI-DCA,MCI,DCA,13198,11278
MCI-LGA,MCI,LGA,13198,12953
MCI-OAK,MCI,OAK,13198,13796
MCI-SAN,MCI,SAN,13198,14679
MCI-STL,MCI,STL,13198,15016
MCI-TPA,MCI,TPA,13198,15304
MCO-BUF,MCO,BUF,13204,10792
MCO-PVD,MCO,PVD,13204,14307
MCO-RSW,MCO,RSW,13204,14635
MDW-BWI,MDW,BWI,13232,10821
MDW-MHT,MDW,MHT,13232,13296
MDW-SEA,MDW,SEA,13232,14747
MDW-TUL,MDW,TUL,13232,15370
MEM-ATL,MEM,ATL,13244,10397
MEM-HOU,MEM,HOU,13244,12191
MIA-DAL,MIA,DAL,13303,11259
MKE-BNA,MKE,BNA,13342,10693
MSP-STL,MSP,STL,13487,15016
MSY-MCI,MSY,MCI,13495,13198
MTJ-DEN,MTJ,DEN,13502,11292
OAK-BUR,OAK,BUR,13796,10800
OAK-DEN,OAK,DEN,13796,11292
OAK-EUG,OAK,EUG,13796,11603
OAK-ONT,OAK,ONT,13796,13891
OGG-KOA,OGG,KOA,13830,12758
OGG-LAS,OGG,LAS,13830,12889
OKC-ATL,OKC,ATL,13851,10397
OKC-HOU,OKC,HOU,13851,12191
ONT-DEN,ONT,DEN,13891,11292
ONT-OAK,ONT,OAK,13891,13796
ORD-DEN,ORD,DEN,13930,11292
ORF-BNA,ORF,BNA,13931,10693
PBI-ISP,PBI,ISP,14027,12391
PDX-SJC,PDX,SJC,14057,14831
PHL-STL,PHL,STL,14100,15016
PHX-BUR,PHX,BUR,14107,10800
PHX-BWI,PHX,BWI,14107,10821
PHX-CMH,PHX,CMH,14107,11066
PHX-OGG,PHX,OGG,14107,13830
PHX-RNO,PHX,RNO,14107,14570
PHX-SJC,PHX,SJC,14107,14831
PHX-SLC,PHX,SLC,14107,14869
PHX-SMF,PHX,SMF,14107,14893
PIT-DAL,PIT,DAL,14122,11259
PNS-HOU,PNS,HOU,14193,12191
PSP-OAK,PSP,OAK,14262,13796
RDU-DAL,RDU,DAL,14492,11259
RIC-MDW,RIC,MDW,14524,13232
SAN-DEN,SAN,DEN,14679,11292
SAN-MDW,SAN,MDW,14679,13232
SAN-PHX,SAN,PHX,14679,14107
SAN-TUS,SAN,TUS,14679,15376
SAT-ELP,SAT,ELP,14683,11540
SAT-HOU,SAT,HOU,14683,12191
SAT-MSY,SAT,MSY,14683,13495
SBA-DEN,SBA,DEN,14689,11292
SFO-SAN,SFO,SAN,14771,14679
SJC-HNL,SJC,HNL,14831,12173
SJC-SLC,SJC,SLC,14831,14869
SMF-MDW,SMF,MDW,14893,13232
SMF-SEA,SMF,SEA,14893,14747
SMF-SNA,SMF,SNA,14893,14908
SNA-AUS,SNA,AUS,14908,10423
CLE-CLT,CLE,CLT,11042,11057
PBI-ORD,PBI,ORD,14027,13930
DFW-RSW,DFW,RSW,11298,14635
RSW-DFW,RSW,DFW,14635,11298
DFW-CVG,DFW,CVG,11298,11193
PHL-MCI,PHL,MCI,14100,13198
STX-MIA,STX,MIA,15027,13303
ORD-LGA,ORD,LGA,13930,12953
EGE-DFW,EGE,DFW,11503,11298
PHX-DFW,PHX,DFW,14107,11298
MSP-DFW,MSP,DFW,13487,11298
BWI-DFW,BWI,DFW,10821,11298
LAX-MIA,LAX,MIA,12892,13303
PHX-BOS,PHX,BOS,14107,10721
ORD-SMF,ORD,SMF,13930,14893
CLT-SLC,CLT,SLC,11057,14869
LGA-RDU,LGA,RDU,12953,14492
RIC-CLT,RIC,CLT,14524,11057
CLT-ILM,CLT,ILM,11057,12323
STX-CLT,STX,CLT,15027,11057
DFW-PSP,DFW,PSP,11298,14262
LGA-OKC,LGA,OKC,12953,13851
GSO-LGA,GSO,LGA,11995,12953
CHA-ATL,CHA,ATL,10980,10397
CVG-MSP,CVG,MSP,11193,13487
JFK-MCI,JFK,MCI,12478,13198
GRR-LGA,GRR,LGA,11986,12953
CLE-MSP,CLE,MSP,11042,13487
GNV-ATL,GNV,ATL,11953,10397
PWM-JFK,PWM,JFK,14321,12478
MSP-ATW,MSP,ATW,13487,10408
BUF-JFK,BUF,JFK,10792,12478
LGA-ROA,LGA,ROA,12953,14574
DTW-HSV,DTW,HSV,11433,12217
CVG-JFK,CVG,JFK,11193,12478
ABE-CLT,ABE,CLT,10135,11057
BDL-PHL,BDL,PHL,10529,14100
DCA-ALB,DCA,ALB,11278,10257
MHT-PHL,MHT,PHL,13296,14100
CLT-OAJ,CLT,OAJ,11057,13795
HSV-DCA,HSV,DCA,12217,11278
BTV-CLT,BTV,CLT,10785,11057
DCA-ILM,DCA,ILM,11278,12323
PHL-PVD,PHL,PVD,14100,14307
SRQ-DCA,SRQ,DCA,14986,11278
CRW-CLT,CRW,CLT,11146,11057
CHA-CLT,CHA,CLT,10980,11057
AVL-DCA,AVL,DCA,10431,11278
IAD-RDU,IAD,RDU,12264,14492
SAT-IAD,SAT,IAD,14683,12264
TPA-EWR,TPA,EWR,15304,11618
LAX-LIH,LAX,LIH,12892,12982
IAH-AUS,IAH,AUS,12266,10423
PHX-IAH,PHX,IAH,14107,12266
EWR-SRQ,EWR,SRQ,11618,14986
PBI-EWR,PBI,EWR,14027,11618
IAD-IAH,IAD,IAH,12264,12266
IAH-SJU,IAH,SJU,12266,14843
EWR-SAN,EWR,SAN,11618,14679
BOS-EWR,BOS,EWR,10721,11618
JAX-EWR,JAX,EWR,12451,11618
EWR-TPA,EWR,TPA,11618,15304
SFO-EUG,SFO,EUG,14771,11603
IAD-CLE,IAD,CLE,12264,11042
MSY-EWR,MSY,EWR,13495,11618
SEA-SFO,SEA,SFO,14747,14771
IAH-EWR,IAH,EWR,12266,11618
SFO-SEA,SFO,SEA,14771,14747
TPA-IAH,TPA,IAH,15304,12266
DEN-SYR,DEN,SYR,11292,15096
RIC-DEN,RIC,DEN,14524,11292
BOI-ORD,BOI,ORD,10713,13930
EWR-MSP,EWR,MSP,11618,13487
MCO-SFO,MCO,SFO,13204,14771
IAD-SRQ,IAD,SRQ,12264,14986
SFO-SNA,SFO,SNA,14771,14908
ABQ-IAH,ABQ,IAH,10140,12266
IAD-SAT,IAD,SAT,12264,14683
IAH-LGA,IAH,LGA,12266,12953
IAH-MFE,IAH,MFE,12266,13256
IAH-SEA,IAH,SEA,12266,14747
EWR-MSN,EWR,MSN,11618,13485
PDX-IAH,PDX,IAH,14057,12266
SFO-MSY,SFO,MSY,14771,13495
ANC-ORD,ANC,ORD,10299,13930
IAD-MSY,IAD,MSY,12264,13495
MFE-IAH,MFE,IAH,13256,12266
MDT-ORD,MDT,ORD,13230,13930
SJU-IAD,SJU,IAD,14843,12264
RAP-DEN,RAP,DEN,14457,11292
BWI-SFO,BWI,SFO,10821,14771
STL-IAH,STL,IAH,15016,12266
IAH-MCI,IAH,MCI,12266,13198
MKE-EWR,MKE,EWR,13342,11618
JAC-SFO,JAC,SFO,12441,14771
ANC-EWR,ANC,EWR,10299,11618
TVC-DEN,TVC,DEN,15380,11292
JAC-LAX,JAC,LAX,12441,12892
GSP-IAH,GSP,IAH,11996,12266
EWR-BTV,EWR,BTV,11618,10785
DEN-ORF,DEN,ORF,11292,13931
EWR-JAC,EWR,JAC,11618,12441
JFK-SEA,JFK,SEA,12478,14747
JFK-PDX,JFK,PDX,12478,14057
PHX-ANC,PHX,ANC,14107,10299
JNU-KTN,JNU,KTN,12523,12819
JNU-SIT,JNU,SIT,12523,14828
ANC-ADQ,ANC,ADQ,10299,10170
ANC-FAI,ANC,FAI,10299,11630
SEA-MKE,SEA,MKE,14747,13342
SEA-MSP,SEA,MSP,14747,13487
BNA-SEA,BNA,SEA,10693,14747
OKC-SEA,OKC,SEA,13851,14747
SEA-SAT,SEA,SAT,14747,14683
SAT-SEA,SAT,SEA,14683,14747
KOA-SEA,KOA,SEA,12758,14747
HNL-ANC,HNL,ANC,12173,10299
LIH-SEA,LIH,SEA,12982,14747
SAN-KOA,SAN,KOA,14679,12758
SEA-PDX,SEA,PDX,14747,14057
SEA-SNA,SEA,SNA,14747,14908
LAS-JFK,LAS,JFK,12889,12478
SJU-STT,SJU,STT,14843,15024
TPA-JFK,TPA,JFK,15304,12478
JFK-FLL,JFK,FLL,12478,11697
MCO-JFK,MCO,JFK,13204,12478
ACK-JFK,ACK,JFK,10154,12478
SJU-RDU,SJU,RDU,14843,14492
FLL-JAX,FLL,JAX,11697,12451
JFK-MSY,JFK,MSY,12478,13495
JFK-MKE,JFK,MKE,12478,13342
BOS-MKE,BOS,MKE,10721,13342
PIT-BOS,PIT,BOS,14122,10721
LGA-RSW,LGA,RSW,12953,14635
PBI-PVD,PBI,PVD,14027,14307
MVY-DCA,MVY,DCA,13541,11278
BOS-BUF,BOS,BUF,10721,10792
BOS-SJC,BOS,SJC,10721,14831
CLE-BOS,CLE,BOS,11042,10721
SMF-JFK,SMF,JFK,14893,12478
IAD-MSP,IAD,MSP,12264,13487
OKC-SLC,OKC,SLC,13851,14869
DTW-CIU,DTW,CIU,11433,11013
MSP-BJI,MSP,BJI,13487,10631
SLC-EKO,SLC,EKO,14869,11525
SLC-TWF,SLC,TWF,14869,15389
MRY-SEA,MRY,SEA,13476,14747
IMT-MSP,IMT,MSP,12335,13487
OMA-SLC,OMA,SLC,13871,14869
AVL-ORD,AVL,ORD,10431,13930
CHA-ORD,CHA,ORD,10980,13930
DEC-ORD,DEC,ORD,11288,13930
SCE-ORD,SCE,ORD,14711,13930
DFW-ASE,DFW,ASE,11298,10372
IDA-DFW,IDA,DFW,12280,11298
LAR-DEN,LAR,DEN,12888,11292
LAX-PRC,LAX,PRC,12892,14237
LWS-DEN,LWS,DEN,13127,11292
DDC-LBL,DDC,LBL,11283,12902
GCC-DEN,GCC,DEN,11865,11292
DEN-LAR,DEN,LAR,11292,12888
JMS-DVL,JMS,DVL,12519,11447
DEN-IDA,DEN,IDA,11292,12280
AMA-IAH,AMA,IAH,10279,12266
MOT-DEN,MOT,DEN,13433,11292
TUS-SFO,TUS,SFO,15376,14771
LAX-TUL,LAX,TUL,12892,15370
SWO-DFW,SWO,DFW,15074,11298
DEN-FAR,DEN,FAR,11292,11637
ORD-LNK,ORD,LNK,13930,13029
AEX-DFW,AEX,DFW,10185,11298
SFO-ACV,SFO,ACV,14771,10157
ACV-LAX,ACV,LAX,10157,12892
BFL-DEN,BFL,DEN,10561,11292
ATW-DEN,ATW,DEN,10408,11292
SUN-SFO,SUN,SFO,15041,14771
IAH-CRP,IAH,CRP,12266,11140
SNA-EUG,SNA,EUG,14908,11603
PGD-BNA,PGD,BNA,14082,10693
SFB-ELM,SFB,ELM,14761,11537
MLI-SFB,MLI,SFB,13367,14761
ABE-SFB,ABE,SFB,10135,14761
LCK-PGD,LCK,PGD,12917,14082
PBI-GRR,PBI,GRR,14027,11986
PGD-IAG,PGD,IAG,14082,12265
PGD-TOL,PGD,TOL,14082,15295
LAS-VPS,LAS,VPS,12889,15624
SFB-BMI,SFB,BMI,14761,10685
LAX-RAP,LAX,RAP,12892,14457
TYS-PGD,TYS,PGD,15412,14082
GRR-SRQ,GRR,SRQ,11986,14986
VPS-XNA,VPS,XNA,15624,15919
PGD-SDF,PGD,SDF,14082,14730
FLL-SAV,FLL,SAV,11697,14685
TYS-FLL,TYS,FLL,15412,11697
AZA-IDA,AZA,IDA,10466,12280
MFE-SFB,MFE,SFB,13256,14761
ATW-PIE,ATW,PIE,10408,14112
ELM-PGD,ELM,PGD,11537,14082
PIE-EYW,PIE,EYW,14112,11624
LAS-SHV,LAS,SHV,12889,14814
SFB-DAY,SFB,DAY,14761,11267
PIE-TVC,PIE,TVC,14112,15380
BNA-GRR,BNA,GRR,10693,11986
PIE-BGR,PIE,BGR,14112,10581
CID-SFB,CID,SFB,11003,14761
GRR-PIE,GRR,PIE,11986,14112
RFD-AZA,RFD,AZA,14512,10466
SFB-CVG,SFB,CVG,14761,11193
GRR-VPS,GRR,VPS,11986,15624
FSD-LAS,FSD,LAS,11775,12889
RFD-PIE,RFD,PIE,14512,14112
EVV-PIE,EVV,PIE,11612,14112
ABE-PIE,ABE,PIE,10135,14112
EVV-SFB,EVV,SFB,11612,14761
LAS-CHA,LAS,CHA,12889,10980
ATW-FLL,ATW,FLL,10408,11697
PIE-GRR,PIE,GRR,14112,11986
AVL-MCO,AVL,MCO,10431,13204
SCK-PHX,SCK,PHX,14716,14107
BNA-FAR,BNA,FAR,10693,11637
MCI-PGD,MCI,PGD,13198,14082
CID-AZA,CID,AZA,11003,10466
SFB-PIT,SFB,PIT,14761,14122
LAS-IDA,LAS,IDA,12889,12280
AUS-SRQ,AUS,SRQ,10423,14986
SWF-FLL,SWF,FLL,15070,11697
PGD-BGR,PGD,BGR,14082,10581
TYS-BOS,TYS,BOS,15412,10721
ATW-PGD,ATW,PGD,10408,14082
DSM-SNA,DSM,SNA,11423,14908
BNA-SYR,BNA,SYR,10693,15096
MEM-PIE,MEM,PIE,13244,14112
ALB-MYR,ALB,MYR,10257,13577
FSD-BNA,FSD,BNA,11775,10693
PSC-LAS,PSC,LAS,14252,12889
OMA-AZA,OMA,AZA,13871,10466
SRQ-PIA,SRQ,PIA,14986,14108
BLV-TYS,BLV,TYS,10676,15412
EUG-SNA,EUG,SNA,11603,14908
PSM-SRQ,PSM,SRQ,14259,14986
LEX-FLL,LEX,FLL,12945,11697
BLI-LAX,BLI,LAX,10666,12892
PIE-MEM,PIE,MEM,14112,13244
IND-PGD,IND,PGD,12339,14082
MYR-MDT,MYR,MDT,13577,13230
PGD-SAV,PGD,SAV,14082,14685
PIT-MLB,PIT,MLB,14122,13360
LAS-FNT,LAS,FNT,12889,11721
AZA-XNA,AZA,XNA,10466,15919
MFE-PIE,MFE,PIE,13256,14112
SFB-MLI,SFB,MLI,14761,13367
PIE-BIS,PIE,BIS,14112,10627
CVG-SRQ,CVG,SRQ,11193,14986
SYR-PIE,SYR,PIE,15096,14112
SYR-SRQ,SYR,SRQ,15096,14986
AVL-EWR,AVL,EWR,10431,11618
SFB-EYW,SFB,EYW,14761,11624
DAY-PIE,DAY,PIE,11267,14112
AZA-EUG,AZA,EUG,10466,11603
PGD-OMA,PGD,OMA,14082,13871
DSM-PIE,DSM,PIE,11423,14112
RAP-LAS,RAP,LAS,14457,12889
MCI-PIE,MCI,PIE,13198,14112
LAS-RFD,LAS,RFD,12889,14512
BNA-ATW,BNA,ATW,10693,10408
PVU-AUS,PVU,AUS,14314,10423
TVC-FLL,TVC,FLL,15380,11697
SRQ-GRR,SRQ,GRR,14986,11986
SFB-TUL,SFB,TUL,14761,15370
ATW-LAS,ATW,LAS,10408,12889
SRQ-PSM,SRQ,PSM,14986,14259
MLI-LAS,MLI,LAS,13367,12889
GRI-LAS,GRI,LAS,11980,12889
BNA-SFB,BNA,SFB,10693,14761
ALB-PIE,ALB,PIE,10257,14112
PVU-SAN,PVU,SAN,14314,14679
SDF-PGD,SDF,PGD,14730,14082
BNA-ABE,BNA,ABE,10693,10135
CAK-MYR,CAK,MYR,10874,13577
BLV-GUF,BLV,GUF,10676,16422
XNA-GUF,XNA,GUF,15919,16422
VPS-LCK,VPS,LCK,15624,12917
COS-SNA,COS,SNA,11109,14908
BNA-CID,BNA,CID,10693,11003
JAX-DSM,JAX,DSM,12451,11423
GUF-CVG,GUF,CVG,16422,11193
SBN-FLL,SBN,FLL,14696,11697
STS-DFW,STS,DFW,15023,11298
ORD-BZN,ORD,BZN,13930,10849
PHX-MAF,PHX,MAF,14107,13158
SJU-EWR,SJU,EWR,14843,11618
OAK-EWR,OAK,EWR,13796,11618
LAX-PHL,LAX,PHL,12892,14100
PSP-DAL,PSP,DAL,14262,11259
BNA-SJC,BNA,SJC,10693,14831
HOU-RSW,HOU,RSW,12191,14635
ONT-HOU,ONT,HOU,13891,12191
PIT-AUS,PIT,AUS,14122,10423
SAT-COS,SAT,COS,14683,11109
SJC-STL,SJC,STL,14831,15016
BUF-PHX,BUF,PHX,10792,14107
FLL-ALB,FLL,ALB,11697,10257
ISP-TPA,ISP,TPA,12391,15304
MKE-FLL,MKE,FLL,13342,11697
RSW-DCA,RSW,DCA,14635,11278
SJU-BNA,SJU,BNA,14843,10693
TPA-ALB,TPA,ALB,15304,10257
CLT-DEN,CLT,DEN,11057,11292
OMA-BNA,OMA,BNA,13871,10693
SLC-BNA,SLC,BNA,14869,10693
SEA-PHL,SEA,PHL,14747,14100
DCA-ORD,DCA,ORD,11278,13930
PHX-MIA,PHX,MIA,14107,13303
PHL-SEA,PHL,SEA,14100,14747
PBI-DFW,PBI,DFW,14027,11298
AGS-PHX,AGS,PHX,10208,14107
DFW-RIC,DFW,RIC,11298,14524
DFW-VPS,DFW,VPS,11298,15624
GSP-DFW,GSP,DFW,11996,11298
CAE-DFW,CAE,DFW,10868,11298
TPA-LAX,TPA,LAX,15304,12892
EWR-DFW,EWR,DFW,11618,11298
JAX-DFW,JAX,DFW,12451,11298
ORD-VPS,ORD,VPS,13930,15624
FSD-PHX,FSD,PHX,11775,14107
GRR-ORD,GRR,ORD,11986,13930
CHS-ORD,CHS,ORD,10994,13930
ORD-CHS,ORD,CHS,13930,10994
AUS-ECP,AUS,ECP,10423,11481
FAY-DFW,FAY,DFW,11641,11298
GNV-DFW,GNV,DFW,11953,11298
DFW-FAR,DFW,FAR,11298,11637
DFW-SJT,DFW,SJT,11298,14842
AGS-MIA,AGS,MIA,10208,13303
CLT-LEX,CLT,LEX,11057,12945
AUS-RSW,AUS,RSW,10423,14635
XNA-PHX,XNA,PHX,15919,14107
IAD-LGA,IAD,LGA,12264,12953
BWI-JFK,BWI,JFK,10821,12478
CHS-DTW,CHS,DTW,10994,11433
JFK-IND,JFK,IND,12478,12339
LGA-PWM,LGA,PWM,12953,14321
AVL-LGA,AVL,LGA,10431,12953
DLH-MSP,DLH,MSP,11337,13487
GRR-DTW,GRR,DTW,11986,11433
AVL-ATL,AVL,ATL,10431,10397
ORH-LGA,ORH,LGA,13933,12953
ILM-PHL,ILM,PHL,12323,14100
PHL-AGS,PHL,AGS,14100,10208
PHL-DCA,PHL,DCA,14100,11278
CAE-DCA,CAE,DCA,10868,11278
GRR-DCA,GRR,DCA,11986,11278
CLE-PHL,CLE,PHL,11042,14100
PHL-CLE,PHL,CLE,14100,11042
ROC-CLT,ROC,CLT,14576,11057
ECP-DCA,ECP,DCA,11481,11278
ORF-DCA,ORF,DCA,13931,11278
MKE-CLT,MKE,CLT,13342,11057
SAV-PHL,SAV,PHL,14685,14100
LFT-CLT,LFT,CLT,12951,11057
CLT-IAD,CLT,IAD,11057,12264
CLT-TUL,CLT,TUL,11057,15370
PHL-PNS,PHL,PNS,14100,14193
SLC-EWR,SLC,EWR,14869,11618
IAD-BDL,IAD,BDL,12264,10529
SDF-DTW,SDF,DTW,14730,11433
DFW-OGG,DFW,OGG,11298,13830
DFW-SJC,DFW,SJC,11298,14831
FLL-LAX,FLL,LAX,11697,12892
SYR-DFW,SYR,DFW,15096,11298
RDU-SDF,RDU,SDF,14492,14730
LAX-DCA,LAX,DCA,12892,11278
SJU-CLT,SJU,CLT,14843,11057
OMA-LAX,OMA,LAX,13871,12892
STT-JFK,STT,JFK,15024,12478
DFW-BFL,DFW,BFL,11298,10561
DAB-CLT,DAB,CLT,11252,11057
CLT-MSP,CLT,MSP,11057,13487
CLT-GRR,CLT,GRR,11057,11986
DEN-XNA,DEN,XNA,11292,15919
AUS-CHS,AUS,CHS,10423,10994
LGB-OGG,LGB,OGG,12954,13830
MCI-LGB,MCI,LGB,13198,12954
STL-OAK,STL,OAK,15016,13796
PWM-MDW,PWM,MDW,14321,13232
MCI-PNS,MCI,PNS,13198,14193
ATL-OAK,ATL,OAK,10397,13796
BUF-LAS,BUF,LAS,10792,12889
ECP-IND,ECP,IND,11481,12339
FLL-BDL,FLL,BDL,11697,10529
MDW-PNS,MDW,PNS,13232,14193
MEM-BWI,MEM,BWI,13244,10821
MSP-DAL,MSP,DAL,13487,11259
PNS-AUS,PNS,AUS,14193,10423
SAN-EUG,SAN,EUG,14679,11603
SEA-STL,SEA,STL,14747,15016
STL-SNA,STL,SNA,15016,14908
SYR-TPA,SYR,TPA,15096,15304
HOU-CLT,HOU,CLT,12191,11057
MEM-TPA,MEM,TPA,13244,15304
CLT-FSD,CLT,FSD,11057,11775
SNA-CLT,SNA,CLT,14908,11057
TPA-SAN,TPA,SAN,15304,14679
JFK-SRQ,JFK,SRQ,12478,14986
SLC-FLL,SLC,FLL,14869,11697
PSE-JFK,PSE,JFK,14254,12478
JFK-HNL,JFK,HNL,12478,12173
HNL-MSP,HNL,MSP,12173,13487
SLC-ATL,SLC,ATL,14869,10397
ONT-ATL,ONT,ATL,13891,10397
SLC-DTW,SLC,DTW,14869,11433
DTW-PDX,DTW,PDX,11433,14057
BDL-ATL,BDL,ATL,10529,10397
MEM-LAX,MEM,LAX,13244,12892
SMF-MSP,SMF,MSP,14893,13487
MKE-SLC,MKE,SLC,13342,14869
PVD-ATL,PVD,ATL,14307,10397
ATL-DAB,ATL,DAB,10397,11252
ATL-BUF,ATL,BUF,10397,10792
CMH-DTW,CMH,DTW,11066,11433
OAJ-ATL,OAJ,ATL,13795,10397
MSP-SAT,MSP,SAT,13487,14683
MSP-BZN,MSP,BZN,13487,10849
SLC-PDX,SLC,PDX,14869,14057
DTW-MKE,DTW,MKE,11433,13342
DCA-SLC,DCA,SLC,11278,14869
PHX-LGA,PHX,LGA,14107,12953
ANC-MSP,ANC,MSP,10299,13487
BOI-ATL,BOI,ATL,10713,10397
DEN-SJU,DEN,SJU,11292,14843
SJC-ORD,SJC,ORD,14831,13930
EWR-GSP,EWR,GSP,11618,11996
BZN-IAH,BZN,IAH,10849,12266
PBI-IAD,PBI,IAD,14027,12264
HRL-MSP,HRL,MSP,12206,13487
TUS-MSP,TUS,MSP,15376,13487
SLC-LGA,SLC,LGA,14869,12953
JAC-MSP,JAC,MSP,12441,13487
ATL-FSD,ATL,FSD,10397,11775
VPS-MSP,VPS,MSP,15624,13487
PHL-SLC,PHL,SLC,14100,14869
TPA-CVG,TPA,CVG,15304,11193
DTW-RDU,DTW,RDU,11433,14492
MSP-MSN,MSP,MSN,13487,13485
ATL-HDN,ATL,HDN,10397,12094
BWI-OAK,BWI,OAK,10821,13796
ELP-LGB,ELP,LGB,11540,12954
GRR-TPA,GRR,TPA,11986,15304
MCO-PWM,MCO,PWM,13204,14321
MKE-SRQ,MKE,SRQ,13342,14986
LGA-LIT,LGA,LIT,12953,12992
IND-BOS,IND,BOS,12339,10721
DCA-EYW,DCA,EYW,11278,11624
OMA-LGA,OMA,LGA,13871,12953
JFK-ORH,JFK,ORH,12478,13933
ILM-MIA,ILM,MIA,12323,13303
SDF-LGA,SDF,LGA,14730,12953
XNA-LGA,XNA,LGA,15919,12953
MEM-BOS,MEM,BOS,13244,10721
LGA-EYW,LGA,EYW,12953,11624
RDU-PIT,RDU,PIT,14492,14122
BOS-MCI,BOS,MCI,10721,13198
MSP-CID,MSP,CID,13487,11003
CRW-ATL,CRW,ATL,11146,10397
ATL-LFT,ATL,LFT,10397,12951
DTW-BGM,DTW,BGM,11433,10577
LAX-EGE,LAX,EGE,12892,11503
MSO-SEA,MSO,SEA,13486,14747
HNL-PAE,HNL,PAE,12173,14004
PAE-HNL,PAE,HNL,14004,12173
ANC-ATL,ANC,ATL,10299,10397
SFO-BFL,SFO,BFL,14771,10561
LAX-SBA,LAX,SBA,12892,14689
SFO-PSC,SFO,PSC,14771,14252
MRY-SFO,MRY,SFO,13476,14771
MRY-LAX,MRY,LAX,13476,12892
LAX-FCA,LAX,FCA,12892,11648
DEN-OTH,DEN,OTH,11292,13964
SFO-GEG,SFO,GEG,14771,11884
DFW-FLG,DFW,FLG,11298,11695
BUR-STL,BUR,STL,10800,15016
RIC-BWI,RIC,BWI,14524,10821
SMF-EUG,SMF,EUG,14893,11603
SYR-SFB,SYR,SFB,15096,14761
SRQ-CID,SRQ,CID,14986,11003
ABE-FLL,ABE,FLL,10135,11697
BHM-PHX,BHM,PHX,10599,14107
MCI-SMF,MCI,SMF,13198,14893
OMA-AUS,OMA,AUS,13871,10423
PHX-LIT,PHX,LIT,14107,12992
SMF-MCO,SMF,MCO,14893,13204
MKE-AUS,MKE,AUS,13342,10423
HHH-EWR,HHH,EWR,12124,11618
DCA-EWR,DCA,EWR,11278,11618
EWR-ALB,EWR,ALB,11618,10257
BNA-PVD,BNA,PVD,10693,14307
EGE-JFK,EGE,JFK,11503,12478
AUS-SDF,AUS,SDF,10423,14730
BWI-LGB,BWI,LGB,10821,12954
BUF-DAL,BUF,DAL,10792,11259
DAL-FAT,DAL,FAT,11259,11638
MIA-CHA,MIA,CHA,13303,10980
LGA-TVC,LGA,TVC,12953,15380
IAD-PVD,IAD,PVD,12264,14307
VPS-DTW,VPS,DTW,15624,11433
ATL-RAP,ATL,RAP,10397,14457
BZN-DTW,BZN,DTW,10849,11433
DTW-BZN,DTW,BZN,11433,10849
OMA-PHL,OMA,PHL,13871,14100
SAN-DCA,SAN,DCA,14679,11278
DTW-ANC,DTW,ANC,11433,10299
RNO-JFK,RNO,JFK,14570,12478
SJU-PVD,SJU,PVD,14843,14307
SRQ-ROA,SRQ,ROA,14986,14574
VPS-OMA,VPS,OMA,15624,13871
IAG-SFB,IAG,SFB,12265,14761
PDX-IND,PDX,IND,14057,12339
KOA-LIH,KOA,LIH,12758,12982
RNO-PDX,RNO,PDX,14570,14057
TTN-CLT,TTN,CLT,15356,11057
SWF-MCO,SWF,MCO,15070,13204
SFB-LAS,SFB,LAS,14761,12889
LAS-SFB,LAS,SFB,12889,14761
GPT-SFB,GPT,SFB,11973,14761
IDA-SAN,IDA,SAN,12280,14679
HTS-PGD,HTS,PGD,12223,14082
SHV-LAX,SHV,LAX,14814,12892
AUS-SFB,AUS,SFB,10423,14761
TUL-PIE,TUL,PIE,15370,14112
DSM-LAX,DSM,LAX,11423,12892
PSM-PIE,PSM,PIE,14259,14112
LAX-MFR,LAX,MFR,12892,13264
VPS-MEM,VPS,MEM,15624,13244
SFB-OKC,SFB,OKC,14761,13851
SFB-PVU,SFB,PVU,14761,14314
BLI-SAN,BLI,SAN,10666,14679
OAK-FCA,OAK,FCA,13796,11648
VPS-TUL,VPS,TUL,15624,15370
LCK-CHS,LCK,CHS,12917,10994
LAX-LIT,LAX,LIT,12892,12992
SBP-PDX,SBP,PDX,14698,14057
LAX-PSP,LAX,PSP,12892,14262
JLN-DEC,JLN,DEC,12511,11288
DEC-JLN,DEC,JLN,11288,12511
VEL-DEN,VEL,DEN,15582,11292
PSP-LAX,PSP,LAX,14262,12892
HRL-IAH,HRL,IAH,12206,12266
PHL-HOU,PHL,HOU,14100,12191
MFR-AZA,MFR,AZA,13264,10466
AZA-PDX,AZA,PDX,10466,14057
MSP-BTV,MSP,BTV,13487,10785
CLE-SAN,CLE,SAN,11042,14679
PIE-PVU,PIE,PVU,14112,14314
SAN-IDA,SAN,IDA,14679,12280
MSN-BOS,MSN,BOS,13485,10721
TPA-ACY,TPA,ACY,15304,10158
HDN-LAX,HDN,LAX,12094,12892
SFO-MTJ,SFO,MTJ,14771,13502
SFO-HDN,SFO,HDN,14771,12094
HDN-SFO,HDN,SFO,12094,14771
PHL-TTN,PHL,TTN,14100,15356
TTN-PBI,TTN,PBI,15356,14027
PBI-TTN,PBI,TTN,14027,15356
RSW-SYR,RSW,SYR,14635,15096
AUS-HNL,AUS,HNL,10423,12173
IAH-SAV,IAH,SAV,12266,14685
ORF-TPA,ORF,TPA,13931,15304
TPA-RIC,TPA,RIC,15304,14524
EWR-MDT,EWR,MDT,11618,13230
MSO-PDX,MSO,PDX,13486,14057
SFO-SBN,SFO,SBN,14771,14696
ATW-EWR,ATW,EWR,10408,11618
RFD-LAX,RFD,LAX,14512,12892
IND-EUG,IND,EUG,12339,11603
ROC-FLL,ROC,FLL,14576,11697
FLL-ROC,FLL,ROC,11697,14576
SJU-MSY,SJU,MSY,14843,13495
BHM-FLL,BHM,FLL,10599,11697
ORH-RSW,ORH,RSW,13933,14635
RSW-ORH,RSW,ORH,14635,13933
EWR-BHM,EWR,BHM,11618,10599
LEX-PHL,LEX,PHL,12945,14100
IAD-TVC,IAD,TVC,12264,15380
CRP-DEN,CRP,DEN,11140,11292
HTS-FLL,HTS,FLL,12223,11697
ORD-SPI,ORD,SPI,13930,14952
PHX-CLD,PHX,CLD,14107,11041
MIA-MYR,MIA,MYR,13303,13577
DFW-GTR,DFW,GTR,11298,12007
BTM-DEN,BTM,DEN,10779,11292
IAH-SHV,IAH,SHV,12266,14814
RDD-DEN,RDD,DEN,14487,11292
LIT-SLC,LIT,SLC,12992,14869
BNA-EYW,BNA,EYW,10693,11624
IND-PBI,IND,PBI,12339,14027
VPS-BOS,VPS,BOS,15624,10721
BOI-IAH,BOI,IAH,10713,12266
SJU-ORF,SJU,ORF,14843,13931
ORF-SJU,ORF,SJU,13931,14843
PNS-CLE,PNS,CLE,14193,11042
BIL-LAX,BIL,LAX,10620,12892
MIA-BTV,MIA,BTV,13303,10785
ORH-CLE,ORH,CLE,13933,11042
DCA-EWN,DCA,EWN,11278,11617
PHL-AVL,PHL,AVL,14100,10431
LFT-MSY,LFT,MSY,12951,13495
PDX-CMH,PDX,CMH,14057,11066
SCE-IAD,SCE,IAD,14711,12264
PWM-TPA,PWM,TPA,14321,15304
CLE-PBI,CLE,PBI,11042,14027
LGA-BZN,LGA,BZN,12953,10849
ILM-DEN,ILM,DEN,12323,11292
PHL-CID,PHL,CID,14100,11003
CLT-MOB,CLT,MOB,11057,13422
CID-PDX,CID,PDX,11003,14057
LAS-CAK,LAS,CAK,12889,10874
BTR-BHM,BTR,BHM,10781,10599
GSP-TLH,GSP,TLH,11996,15249
TLH-GSP,TLH,GSP,15249,11996
MCO-SRQ,MCO,SRQ,13204,14986
SJU-LGA,SJU,LGA,14843,12953
ROW-PHX,ROW,PHX,14588,14107
OMA-BOS,OMA,BOS,13871,10721
MIA-JAN,MIA,JAN,13303,12448
FAT-MRY,FAT,MRY,11638,13476
LAX-SNA,LAX,SNA,12892,14908
BQN-MIA,BQN,MIA,10732,13303
MYR-PBG,MYR,PBG,13577,14025
PBG-MYR,PBG,MYR,14025,13577
TYS-GUF,TYS,GUF,15412,16422
GSP-MSY,GSP,MSY,11996,13495
TYS-BHM,TYS,BHM,15412,10599
IAD-PHL,IAD,PHL,12264,14100
JFK-MEM,JFK,MEM,12478,13244
CLT-ERI,CLT,ERI,11057,11577
PHX-MTJ,PHX,MTJ,14107,13502
CVG-IAG,CVG,IAG,11193,12265
APN-PLN,APN,PLN,10333,14150
SJC-BZN,SJC,BZN,14831,10849
MCO-BTR,MCO,BTR,13204,10781
SCE-DTW,SCE,DTW,14711,11433
ATL-SCE,ATL,SCE,10397,14711
EWR-SCE,EWR,SCE,11618,14711
TYS-XNA,TYS,XNA,15412,15919
DAB-LGA,DAB,LGA,11252,12953
ELM-SRQ,ELM,SRQ,11537,14986
SRQ-ELM,SRQ,ELM,14986,11537
PHX-ATW,PHX,ATW,14107,10408
ATW-PHX,ATW,PHX,10408,14107
ACT-BHM,ACT,BHM,10155,10599
SBN-IAH,SBN,IAH,14696,12266
ELP-BNA,ELP,BNA,11540,10693
ASE-CLT,ASE,CLT,10372,11057
FLL-PIE,FLL,PIE,11697,14112
MFE-PHX,MFE,PHX,13256,14107
MSN-SLC,MSN,SLC,13485,14869
MCI-SJC,MCI,SJC,13198,14831
PHX-MDT,PHX,MDT,14107,13230
LAX-GRB,LAX,GRB,12892,11977
GRB-SLC,GRB,SLC,11977,14869
HOU-SBN,HOU,SBN,12191,14696
BUF-IAH,BUF,IAH,10792,12266
ACY-SFB,ACY,SFB,10158,14761
PSP-CLT,PSP,CLT,14262,11057
EUG-MIA,EUG,MIA,11603,13303
IAD-BWI,IAD,BWI,12264,10821
CLL-ORD,CLL,ORD,11049,13930
GRB-JAX,GRB,JAX,11977,12451
DTW-CID,DTW,CID,11433,11003
MDT-SEA,MDT,SEA,13230,14747
SJC-GRB,SJC,GRB,14831,11977
TLH-RDU,TLH,RDU,15249,14492
BTR-DFW,BTR,DFW,10781,11298
ORD-DAY,ORD,DAY,13930,11267
ORD-SDF,ORD,SDF,13930,14730
MSY-MIA,MSY,MIA,13495,13303
MSP-ORD,MSP,ORD,13487,13930
AUS-MIA,AUS,MIA,10423,13303
PHX-SAF,PHX,SAF,14107,14674
DCA-XNA,DCA,XNA,11278,15919
MEM-CLT,MEM,CLT,13244,11057
LBB-DFW,LBB,DFW,12896,11298
CVG-ORD,CVG,ORD,11193,13930
PNS-MIA,PNS,MIA,14193,13303
EVV-DFW,EVV,DFW,11612,11298
CLE-ORD,CLE,ORD,11042,13930
TLH-DFW,TLH,DFW,15249,11298
CMH-MIA,CMH,MIA,11066,13303
FNT-ORD,FNT,ORD,11721,13930
RST-ORD,RST,ORD,14633,13930
ORD-FNT,ORD,FNT,13930,11721
DFW-TLH,DFW,TLH,11298,15249
DAY-DFW,DAY,DFW,11267,11298
XNA-MIA,XNA,MIA,15919,13303
MOB-DFW,MOB,DFW,13422,11298
OKC-AUS,OKC,AUS,13851,10423
BOS-ORD,BOS,ORD,10721,13930
RAP-DFW,RAP,DFW,14457,11298
RDU-DFW,RDU,DFW,14492,11298
AUS-CVG,AUS,CVG,10423,11193
FLL-ORD,FLL,ORD,11697,13930
LAS-SNA,LAS,SNA,12889,14908
ATL-EWR,ATL,EWR,10397,11618
MSP-LAX,MSP,LAX,13487,12892
MSY-IAH,MSY,IAH,13495,12266
FLL-PNS,FLL,PNS,11697,14193
FLL-ATL,FLL,ATL,11697,10397
ATL-FLL,ATL,FLL,10397,11697
PHL-MCO,PHL,MCO,14100,13204
MIA-CLT,MIA,CLT,13303,11057
FLL-TPA,FLL,TPA,11697,15304
FLL-LAS,FLL,LAS,11697,12889
MCO-BDL,MCO,BDL,13204,10529
BWI-LAS,BWI,LAS,10821,12889
IAH-LAS,IAH,LAS,12266,12889
FLL-PDX,FLL,PDX,11697,14057
DTW-RSW,DTW,RSW,11433,14635
MCO-MSY,MCO,MSY,13204,13495
ORD-PHX,ORD,PHX,13930,14107
ATL-LAX,ATL,LAX,10397,12892
DEN-FLL,DEN,FLL,11292,11697
BQN-MCO,BQN,MCO,10732,13204
LGA-FLL,LGA,FLL,12953,11697
OAK-SNA,OAK,SNA,13796,14908
PHX-LAS,PHX,LAS,14107,12889
IAH-BWI,IAH,BWI,12266,10821
SMF-LAS,SMF,LAS,14893,12889
IND-TPA,IND,TPA,12339,15304
SEA-LAS,SEA,LAS,14747,12889
AUS-MCO,AUS,MCO,10423,13204
IND-FLL,IND,FLL,12339,11697
MCO-MHT,MCO,MHT,13204,13296
IAH-PHL,IAH,PHL,12266,14100
DFW-MIA,DFW,MIA,11298,13303
DTW-DFW,DTW,DFW,11433,11298
MIA-BOS,MIA,BOS,13303,10721
MIA-CLE,MIA,CLE,13303,11042
SNA-SLC,SNA,SLC,14908,14869
SRQ-MDW,SRQ,MDW,14986,13232
SRQ-STL,SRQ,STL,14986,15016
STL-DEN,STL,DEN,15016,11292
STL-DSM,STL,DSM,15016,11423
STL-FLL,STL,FLL,15016,11697
STL-LIT,STL,LIT,15016,12992
STL-OKC,STL,OKC,15016,13851
STL-SAN,STL,SAN,15016,14679
STL-SMF,STL,SMF,15016,14893
SYR-BWI,SYR,BWI,15096,10821
TPA-PHL,TPA,PHL,15304,14100
TUS-SAN,TUS,SAN,15376,14679
ABQ-OAK,ABQ,OAK,10140,13796
ATL-CMH,ATL,CMH,10397,11066
ATL-RDU,ATL,RDU,10397,14492
AUS-AMA,AUS,AMA,10423,10279
AUS-MSP,AUS,MSP,10423,13487
AUS-TPA,AUS,TPA,10423,15304
BNA-CLE,BNA,CLE,10693,11042
BNA-ISP,BNA,ISP,10693,12391
BNA-MSY,BNA,MSY,10693,13495
BNA-SAN,BNA,SAN,10693,14679
BOI-DEN,BOI,DEN,10713,11292
BOI-OAK,BOI,OAK,10713,13796
BUF-DEN,BUF,DEN,10792,11292
BUF-TPA,BUF,TPA,10792,15304
BUR-ABQ,BUR,ABQ,10800,10140
BUR-DEN,BUR,DEN,10800,11292
BWI-BNA,BWI,BNA,10821,10693
BWI-HOU,BWI,HOU,10821,12191
BWI-MCI,BWI,MCI,10821,13198
BWI-MKE,BWI,MKE,10821,13342
BWI-PHX,BWI,PHX,10821,14107
CMH-DEN,CMH,DEN,11066,11292
COS-LAS,COS,LAS,11109,12889
CRP-HOU,CRP,HOU,11140,12191
DAL-COS,DAL,COS,11259,11109
DAL-ECP,DAL,ECP,11259,11481
DAL-LAX,DAL,LAX,11259,12892
DAL-RDU,DAL,RDU,11259,14492
DAL-TUL,DAL,TUL,11259,15370
DCA-FLL,DCA,FLL,11278,11697
DCA-OMA,DCA,OMA,11278,13871
DEN-ABQ,DEN,ABQ,11292,10140
DEN-AUS,DEN,AUS,11292,10423
DEN-BNA,DEN,BNA,11292,10693
DEN-BUR,DEN,BUR,11292,10800
DEN-HDN,DEN,HDN,11292,12094
DEN-ICT,DEN,ICT,11292,12278
DEN-LGB,DEN,LGB,11292,12954
DEN-MAF,DEN,MAF,11292,13158
DEN-MCI,DEN,MCI,11292,13198
DEN-MSP,DEN,MSP,11292,13487
DEN-ORD,DEN,ORD,11292,13930
DEN-SDF,DEN,SDF,11292,14730
DTW-MDW,DTW,MDW,11433,13232
ELP-DAL,ELP,DAL,11540,11259
FLL-DAL,FLL,DAL,11697,11259
FLL-STL,FLL,STL,11697,15016
GEG-PHX,GEG,PHX,11884,14107
GRR-BWI,GRR,BWI,11986,10821
HNL-ITO,HNL,ITO,12173,12402
HNL-LGB,HNL,LGB,12173,12954
HOU-SJC,HOU,SJC,12191,14831
HOU-TUS,HOU,TUS,12191,15376
ICT-STL,ICT,STL,12278,15016
IND-MCO,IND,MCO,12339,13204
JAN-ATL,JAN,ATL,12448,10397
JAX-ATL,JAX,ATL,12451,10397
JAX-HOU,JAX,HOU,12451,12191
KOA-OGG,KOA,OGG,12758,13830
LAS-AMA,LAS,AMA,12889,10279
LAS-BLI,LAS,BLI,12889,10666
LAS-DAL,LAS,DAL,12889,11259
LAS-FAT,LAS,FAT,12889,11638
LAS-HNL,LAS,HNL,12889,12173
LAS-MAF,LAS,MAF,12889,13158
LAS-MDW,LAS,MDW,12889,13232
LAS-OMA,LAS,OMA,12889,13871
LAS-PIT,LAS,PIT,12889,14122
LAX-MSY,LAX,MSY,12892,13495
LAX-PHX,LAX,PHX,12892,14107
LGA-MCI,LGA,MCI,12953,13198
LGB-DAL,LGB,DAL,12954,11259
LGB-HOU,LGB,HOU,12954,12191
LGB-STL,LGB,STL,12954,15016
LIH-OAK,LIH,OAK,12982,13796
LIH-OGG,LIH,OGG,12982,13830
LIH-SJC,LIH,SJC,12982,14831
LIT-ATL,LIT,ATL,12992,10397
LIT-DEN,LIT,DEN,12992,11292
MCO-ALB,MCO,ALB,13204,10257
MCO-DCA,MCO,DCA,13204,11278
MCO-DEN,MCO,DEN,13204,11292
MDW-AUS,MDW,AUS,13232,10423
MDW-HOU,MDW,HOU,13232,12191
MDW-MSP,MDW,MSP,13232,13487
MDW-OMA,MDW,OMA,13232,13871
MDW-SRQ,MDW,SRQ,13232,14986
MHT-BWI,MHT,BWI,13296,10821
MIA-STL,MIA,STL,13303,15016
MSP-BNA,MSP,BNA,13487,10693
MSY-DAL,MSY,DAL,13495,11259
MSY-DCA,MSY,DCA,13495,11278
MSY-LGA,MSY,LGA,13495,12953
OAK-ABQ,OAK,ABQ,13796,10140
OAK-LGB,OAK,LGB,13796,12954
OAK-PHX,OAK,PHX,13796,14107
OAK-PSP,OAK,PSP,13796,14262
OKC-DEN,OKC,DEN,13851,11292
OMA-HOU,OMA,HOU,13871,12191
OMA-PHX,OMA,PHX,13871,14107
OMA-STL,OMA,STL,13871,15016
ONT-AUS,ONT,AUS,13891,10423
ONT-LAS,ONT,LAS,13891,12889
PBI-ATL,PBI,ATL,14027,10397
PDX-SMF,PDX,SMF,14057,14893
PHL-MDW,PHL,MDW,14100,13232
PHX-OMA,PHX,OMA,14107,13871
PHX-SFO,PHX,SFO,14107,14771
PIT-ATL,PIT,ATL,14122,10397
RNO-DEN,RNO,DEN,14570,11292
SAN-BNA,SAN,BNA,14679,10693
SAN-ELP,SAN,ELP,14679,11540
SAN-SFO,SAN,SFO,14679,14771
SAN-SJC,SAN,SJC,14679,14831
SAV-BNA,SAV,BNA,14685,10693
SAV-BWI,SAV,BWI,14685,10821
SDF-MDW,SDF,MDW,14730,13232
SEA-PHX,SEA,PHX,14747,14107
SFO-DEN,SFO,DEN,14771,11292
SFO-LAS,SFO,LAS,14771,12889
SJC-MDW,SJC,MDW,14831,13232
SJC-PDX,SJC,PDX,14831,14057
SJC-PSP,SJC,PSP,14831,14262
SLC-OAK,SLC,OAK,14869,13796
SLC-SNA,SLC,SNA,14869,14908
SMF-BOI,SMF,BOI,14893,10713
DFW-RNO,DFW,RNO,11298,14570
MIA-DFW,MIA,DFW,13303,11298
CVG-PHX,CVG,PHX,11193,14107
CLT-DTW,CLT,DTW,11057,11433
CLT-EYW,CLT,EYW,11057,11624
COS-DFW,COS,DFW,11109,11298
CLT-ORF,CLT,ORF,11057,13931
DFW-DCA,DFW,DCA,11298,11278
EYW-CLT,EYW,CLT,11624,11057
MIA-JFK,MIA,JFK,13303,12478
RNO-DFW,RNO,DFW,14570,11298
SNA-DFW,SNA,DFW,14908,11298
DFW-SAT,DFW,SAT,11298,14683
BOS-PHL,BOS,PHL,10721,14100
MCO-MIA,MCO,MIA,13204,13303
SFO-DFW,SFO,DFW,14771,11298
PNS-CLT,PNS,CLT,14193,11057
CLT-RIC,CLT,RIC,11057,14524
ORD-SAT,ORD,SAT,13930,14683
BDL-CLT,BDL,CLT,10529,11057
PHL-PHX,PHL,PHX,14100,14107
DFW-AGS,DFW,AGS,11298,10208
CLE-DTW,CLE,DTW,11042,11433
SYR-LGA,SYR,LGA,15096,12953
LGA-SCE,LGA,SCE,12953,14711
BDL-LGA,BDL,LGA,10529,12953
ATL-BTR,ATL,BTR,10397,10781
ATL-CAE,ATL,CAE,10397,10868
ATL-SGF,ATL,SGF,10397,14783
JAX-LGA,JAX,LGA,12451,12953
TYS-DTW,TYS,DTW,15412,11433
ABY-ATL,ABY,ATL,10146,10397
ICT-MSP,ICT,MSP,12278,13487
DTW-BUF,DTW,BUF,11433,10792
ATW-MSP,ATW,MSP,10408,13487
LGA-ILM,LGA,ILM,12953,12323
LGA-SAV,LGA,SAV,12953,14685
BGR-JFK,BGR,JFK,10581,12478
ORF-LGA,ORF,LGA,13931,12953
ATL-CHO,ATL,CHO,10397,10990
CAK-DCA,CAK,DCA,10874,11278
PHL-TYS,PHL,TYS,14100,15412
PHL-MHT,PHL,MHT,14100,13296
CVG-CLT,CVG,CLT,11193,11057
TYS-DCA,TYS,DCA,15412,11278
BGR-DCA,BGR,DCA,10581,11278
GSO-DCA,GSO,DCA,11995,11278
BUF-DCA,BUF,DCA,10792,11278
DCA-BUF,DCA,BUF,11278,10792
CLT-HPN,CLT,HPN,11057,12197
DCA-CRW,DCA,CRW,11278,11146
GSP-PHL,GSP,PHL,11996,14100
DCA-CLE,DCA,CLE,11278,11042
CLT-CHA,CLT,CHA,11057,10980
EWR-BOS,EWR,BOS,11618,10721
SFO-PSP,SFO,PSP,14771,14262
EWR-ORF,EWR,ORF,11618,13931
SRQ-EWR,SRQ,EWR,14986,11618
DEN-CID,DEN,CID,11292,11003
DEN-EUG,DEN,EUG,11292,11603
SBA-SFO,SBA,SFO,14689,14771
EWR-MCI,EWR,MCI,11618,13198
TUL-IAH,TUL,IAH,15370,12266
CHS-IAH,CHS,IAH,10994,12266
EWR-PBI,EWR,PBI,11618,14027
LAX-SEA,LAX,SEA,12892,14747
COS-ORD,COS,ORD,11109,13930
DEN-JAC,DEN,JAC,11292,12441
RDU-IAD,RDU,IAD,14492,12264
IAD-BOS,IAD,BOS,12264,10721
IAD-LAX,IAD,LAX,12264,12892
ORD-SAV,ORD,SAV,13930,14685
IAH-TPA,IAH,TPA,12266,15304
BTV-EWR,BTV,EWR,10785,11618
SAT-EWR,SAT,EWR,14683,11618
SFO-RDU,SFO,RDU,14771,14492
SFO-BWI,SFO,BWI,14771,10821
DEN-HNL,DEN,HNL,11292,12173
DEN-MSN,DEN,MSN,11292,13485
IAH-HNL,IAH,HNL,12266,12173
SFO-PHL,SFO,PHL,14771,14100
RSW-IAH,RSW,IAH,14635,12266
RSW-EWR,RSW,EWR,14635,11618
FSD-DEN,FSD,DEN,11775,11292
MSP-IAH,MSP,IAH,13487,12266
PDX-IAD,PDX,IAD,14057,12264
IAD-BNA,IAD,BNA,12264,10693
MSN-EWR,MSN,EWR,13485,11618
MCI-IAH,MCI,IAH,13198,12266
SMF-IAD,SMF,IAD,14893,12264
SFO-MCI,SFO,MCI,14771,13198
PIT-IAH,PIT,IAH,14122,12266
RNO-SFO,RNO,SFO,14570,14771
DEN-SAV,DEN,SAV,11292,14685
ANC-DEN,ANC,DEN,10299,11292
IAD-JAX,IAD,JAX,12264,12451
SYR-EWR,SYR,EWR,15096,11618
MAF-IAH,MAF,IAH,13158,12266
SFO-BZN,SFO,BZN,14771,10849
LAX-JAC,LAX,JAC,12892,12441
EWR-BZN,EWR,BZN,11618,10849
LIH-DEN,LIH,DEN,12982,11292
DEN-RDM,DEN,RDM,11292,14489
EWR-ROC,EWR,ROC,11618,14576
SFO-MFR,SFO,MFR,14771,13264
SEA-DCA,SEA,DCA,14747,11278
PDX-DCA,PDX,DCA,14057,11278
PDX-JFK,PDX,JFK,14057,12478
JFK-SAN,JFK,SAN,12478,14679
ANC-BET,ANC,BET,10299,10551
YAK-CDV,YAK,CDV,15991,10926
SEA-JNU,SEA,JNU,14747,12523
WRG-KTN,WRG,KTN,15841,12819
ANC-CDV,ANC,CDV,10299,10926
SIT-JNU,SIT,JNU,14828,12523
LAX-ANC,LAX,ANC,12892,10299
PDX-MCO,PDX,MCO,14057,13204
SAN-MCO,SAN,MCO,14679,13204
SEA-PIT,SEA,PIT,14747,14122
ELP-SEA,ELP,SEA,11540,14747
SLC-SEA,SLC,SEA,14869,14747
SEA-KOA,SEA,KOA,14747,12758
HNL-PDX,HNL,PDX,12173,14057
PDX-HNL,PDX,HNL,14057,12173
PDX-SEA,PDX,SEA,14057,14747
SEA-PSP,SEA,PSP,14747,14262
SNA-SEA,SNA,SEA,14908,14747
PSP-SEA,PSP,SEA,14262,14747
PSP-PDX,PSP,PDX,14262,14057
CHS-BOS,CHS,BOS,10994,10721
ACK-BOS,ACK,BOS,10154,10721
JFK-DCA,JFK,DCA,12478,11278
JFK-ABQ,JFK,ABQ,12478,10140
BOS-MSP,BOS,MSP,10721,13487
MKE-BOS,MKE,BOS,13342,10721
CHS-FLL,CHS,FLL,10994,11697
LAX-BDL,LAX,BDL,12892,10529
JFK-MVY,JFK,MVY,12478,13541
DCA-JFK,DCA,JFK,11278,12478
MSY-BOS,MSY,BOS,13495,10721
BOS-RIC,BOS,RIC,10721,14524
BDL-LAX,BDL,LAX,10529,12892
BOS-DTW,BOS,DTW,10721,11433
BUF-BOS,BUF,BOS,10792,10721
SLC-FAT,SLC,FAT,14869,11638
LAX-ASE,LAX,ASE,12892,10372
ELM-DTW,ELM,DTW,11537,11433
PLN-DTW,PLN,DTW,14150,11433
MFR-SEA,MFR,SEA,13264,14747
FWA-DTW,FWA,DTW,11823,11433
SLC-PSC,SLC,PSC,14869,14252
MSP-TVC,MSP,TVC,13487,15380
GEG-BOI,GEG,BOI,11884,10713
RDM-SAN,RDM,SAN,14489,14679
BOI-GEG,BOI,GEG,10713,11884
XWA-MSP,XWA,MSP,16869,13487
MSP-CIU,MSP,CIU,13487,11013
FAT-SAN,FAT,SAN,11638,14679
SAN-SBP,SAN,SBP,14679,14698
BLI-SEA,BLI,SEA,10666,14747
RDD-LAX,RDD,LAX,14487,12892
ORD-SBN,ORD,SBN,13930,14696
ORD-SCE,ORD,SCE,13930,14711
CRW-ORD,CRW,ORD,11146,13930
IDA-DEN,IDA,DEN,12280,11292
FCA-LAX,FCA,LAX,11648,12892
GRI-DFW,GRI,DFW,11980,11298
ORD-ASE,ORD,ASE,13930,10372
SGU-DEN,SGU,DEN,14794,11292
DEN-SUX,DEN,SUX,11292,15048
BFF-DEN,BFF,DEN,10558,11292
IAH-PIB,IAH,PIB,12266,14109
DEN-COD,DEN,COD,11292,11097
DVL-DEN,DVL,DEN,11447,11292
DEN-MOT,DEN,MOT,11292,13433
SBN-ORD,SBN,ORD,14696,13930
DEN-PSC,DEN,PSC,11292,14252
DIK-DEN,DIK,DEN,11315,11292
DEN-WYS,DEN,WYS,11292,15897
ORD-SUX,ORD,SUX,13930,15048
PIB-IAH,PIB,IAH,14109,12266
DFW-IDA,DFW,IDA,11298,12280
YUM-DFW,YUM,DFW,16218,11298
IAH-BTR,IAH,BTR,12266,10781
LEX-DEN,LEX,DEN,12945,11292
BHM-IAH,BHM,IAH,10599,12266
DDC-DEN,DDC,DEN,11283,11292
LAX-MRY,LAX,MRY,12892,13476
DEN-LEX,DEN,LEX,11292,12945
SFO-SBP,SFO,SBP,14771,14698
MRY-DEN,MRY,DEN,13476,11292
DEN-SHV,DEN,SHV,11292,14814
ELM-PIE,ELM,PIE,11537,14112
IDA-AZA,IDA,AZA,12280,10466
SFB-PSM,SFB,PSM,14761,14259
IDA-SNA,IDA,SNA,12280,14908
DSM-BNA,DSM,BNA,11423,10693
LAS-GFK,LAS,GFK,12889,11898
CAK-PGD,CAK,PGD,10874,14082
MFE-LAS,MFE,LAS,13256,12889
XNA-FLL,XNA,FLL,15919,11697
EYW-CVG,EYW,CVG,11624,11193
SFB-TOL,SFB,TOL,14761,15295
SFB-CID,SFB,CID,14761,11003
MCO-TYS,MCO,TYS,13204,15412
DSM-PGD,DSM,PGD,11423,14082
PGD-PIA,PGD,PIA,14082,14108
SRQ-LCK,SRQ,LCK,14986,12917
LAS-SCK,LAS,SCK,12889,14716
SAV-PIT,SAV,PIT,14685,14122
MDT-SFB,MDT,SFB,13230,14761
PIE-BNA,PIE,BNA,14112,10693
GTF-LAS,GTF,LAS,12003,12889
SFB-EVV,SFB,EVV,14761,11612
SFB-XNA,SFB,XNA,14761,15919
PGD-TYS,PGD,TYS,14082,15412
EWR-AVL,EWR,AVL,11618,10431
PGD-STC,PGD,STC,14082,15008
AZA-SGF,AZA,SGF,10466,14783
RAP-SFB,RAP,SFB,14457,14761
PBG-PGD,PBG,PGD,14025,14082
PSM-SFB,PSM,SFB,14259,14761
HOU-AVL,HOU,AVL,12191,10431
TYS-AUS,TYS,AUS,15412,10423
PIE-AVL,PIE,AVL,14112,10431
MOT-LAS,MOT,LAS,13433,12889
FWA-SFB,FWA,SFB,11823,14761
PIE-SDF,PIE,SDF,14112,14730
ALB-SFB,ALB,SFB,10257,14761
PIA-PGD,PIA,PGD,14108,14082
SCK-LAS,SCK,LAS,14716,12889
TYS-SFB,TYS,SFB,15412,14761
IAG-PIE,IAG,PIE,12265,14112
MEM-FLL,MEM,FLL,13244,11697
AVL-AUS,AVL,AUS,10431,10423
LAS-FWA,LAS,FWA,12889,11823
JAX-MDT,JAX,MDT,12451,13230
LRD-LAS,LRD,LAS,13061,12889
CID-LAS,CID,LAS,11003,12889
BOI-AZA,BOI,AZA,10713,10466
BIL-LAS,BIL,LAS,10620,12889
CVG-CHS,CVG,CHS,11193,10994
CAK-SAV,CAK,SAV,10874,14685
SDF-SRQ,SDF,SRQ,14730,14986
PGD-CVG,PGD,CVG,14082,11193
FLL-TVC,FLL,TVC,11697,15380
FNT-PIE,FNT,PIE,11721,14112
IND-JAX,IND,JAX,12339,12451
SNA-BOI,SNA,BOI,14908,10713
PGD-TVC,PGD,TVC,14082,15380
CVG-MSY,CVG,MSY,11193,13495
PIE-IAG,PIE,IAG,14112,12265
PIE-PBG,PIE,PBG,14112,14025
SFB-BNA,SFB,BNA,14761,10693
PGD-ALB,PGD,ALB,14082,10257
SRQ-CAK,SRQ,CAK,14986,10874
LAS-FSD,LAS,FSD,12889,11775
AZA-PIA,AZA,PIA,10466,14108
SBN-TYS,SBN,TYS,14696,15412
BOI-SNA,BOI,SNA,10713,14908
FNT-LAS,FNT,LAS,11721,12889
BGR-PGD,BGR,PGD,10581,14082
FCA-AZA,FCA,AZA,11648,10466
CID-FLL,CID,FLL,11003,11697
AZA-SBN,AZA,SBN,10466,14696
FNT-AZA,FNT,AZA,11721,10466
BNA-RFD,BNA,RFD,10693,14512
COS-PIE,COS,PIE,11109,14112
GUF-XNA,GUF,XNA,16422,15919
LCK-MYR,LCK,MYR,12917,13577
SYR-MYR,SYR,MYR,15096,13577
GRR-JAX,GRR,JAX,11986,12451
PDX-DSM,PDX,DSM,14057,11423
JAX-GRR,JAX,GRR,12451,11986
FLL-SBN,FLL,SBN,11697,14696
MYR-LCK,MYR,LCK,13577,12917
IAG-MYR,IAG,MYR,12265,13577
CID-BNA,CID,BNA,11003,10693
RDU-TPA,RDU,TPA,14492,15304
MEM-AUS,MEM,AUS,13244,10423
MIA-BNA,MIA,BNA,13303,10693
BIL-DFW,BIL,DFW,10620,11298
MAF-PHX,MAF,PHX,13158,14107
BOI-LAS,BOI,LAS,10713,12889
DFW-PHL,DFW,PHL,11298,14100
CLT-FLL,CLT,FLL,11057,11697
MCO-MEM,MCO,MEM,13204,13244
MIA-ORD,MIA,ORD,13303,13930
DEN-MIA,DEN,MIA,11292,13303
MCI-MCO,MCI,MCO,13198,13204
LAS-SLC,LAS,SLC,12889,14869
VPS-BNA,VPS,BNA,15624,10693
ALB-FLL,ALB,FLL,10257,11697
COS-SAT,COS,SAT,11109,14683
DEN-RSW,DEN,RSW,11292,14635
GRR-DEN,GRR,DEN,11986,11292
MCO-OMA,MCO,OMA,13204,13871
RDU-PHX,RDU,PHX,14492,14107
SDF-DAL,SDF,DAL,14730,11259
BUF-RSW,BUF,RSW,10792,14635
CLE-PHX,CLE,PHX,11042,14107
FLL-PVD,FLL,PVD,11697,14307
HDN-BNA,HDN,BNA,12094,10693
MCO-SYR,MCO,SYR,13204,15096
MTJ-AUS,MTJ,AUS,13502,10423
SDF-PHX,SDF,PHX,14730,14107
TPA-MHT,TPA,MHT,15304,13296
TPA-ROC,TPA,ROC,15304,14576
LAS-DSM,LAS,DSM,12889,11423
DFW-MEM,DFW,MEM,11298,13244
BUF-CLT,BUF,CLT,10792,11057
DFW-CLT,DFW,CLT,11298,11057
CLT-PWM,CLT,PWM,11057,14321
LAX-IND,LAX,IND,12892,12339
DCA-PBI,DCA,PBI,11278,14027
GEG-DFW,GEG,DFW,11884,11298
SFO-CLT,SFO,CLT,14771,11057
EWR-CLT,EWR,CLT,11618,11057
PHX-CLT,PHX,CLT,14107,11057
DFW-SNA,DFW,SNA,11298,14908
SRQ-CLT,SRQ,CLT,14986,11057
TUL-MIA,TUL,MIA,15370,13303
BZN-AUS,BZN,AUS,10849,10423
RIC-ORD,RIC,ORD,14524,13930
CMH-BOS,CMH,BOS,11066,10721
CLL-DFW,CLL,DFW,11049,11298
VPS-AUS,VPS,AUS,15624,10423
CLT-TLH,CLT,TLH,11057,15249
ORD-AGS,ORD,AGS,13930,10208
BOS-ILM,BOS,ILM,10721,12323
DFW-GRR,DFW,GRR,11298,11986
TYS-DFW,TYS,DFW,15412,11298
TUS-DFW,TUS,DFW,15376,11298
MYR-CLT,MYR,CLT,13577,11057
DFW-BZN,DFW,BZN,11298,10849
JAX-AUS,JAX,AUS,12451,10423
FSD-DFW,FSD,DFW,11775,11298
DFW-TUS,DFW,TUS,11298,15376
PHX-XNA,PHX,XNA,14107,15919
JFK-BNA,JFK,BNA,12478,10693
LGA-CLE,LGA,CLE,12953,11042
ATL-DHN,ATL,DHN,10397,11308
PIT-LGA,PIT,LGA,14122,12953
LGA-DAY,LGA,DAY,12953,11267
ATL-GTR,ATL,GTR,10397,12007
DTW-ROC,DTW,ROC,11433,14576
LGA-ORH,LGA,ORH,12953,13933
LSE-MSP,LSE,MSP,13076,13487
AVL-CLT,AVL,CLT,10431,11057
CLT-CAE,CLT,CAE,11057,10868
DCA-SAV,DCA,SAV,11278,14685
CLT-TRI,CLT,TRI,11057,15323
HSV-CLT,HSV,CLT,12217,11057
PHL-BUF,PHL,BUF,14100,10792
DCA-MLB,DCA,MLB,11278,13360
PHL-PIT,PHL,PIT,14100,14122
CLT-MLB,CLT,MLB,11057,13360
CLT-MSY,CLT,MSY,11057,13495
SFO-DCA,SFO,DCA,14771,11278
MYR-ATL,MYR,ATL,13577,10397
JFK-SFO,JFK,SFO,12478,14771
SAN-DFW,SAN,DFW,14679,11298
CLT-TPA,CLT,TPA,11057,15304
DCA-PHX,DCA,PHX,11278,14107
DFW-CAE,DFW,CAE,11298,10868
PHL-SDF,PHL,SDF,14100,14730
PDX-DFW,PDX,DFW,14057,11298
SBP-DFW,SBP,DFW,14698,11298
PHX-DSM,PHX,DSM,14107,11423
DEN-TVC,DEN,TVC,11292,15380
STT-EWR,STT,EWR,15024,11618
IAH-RNO,IAH,RNO,12266,14570
SFO-RNO,SFO,RNO,14771,14570
ORD-GTF,ORD,GTF,13930,12003
HNL-IAD,HNL,IAD,12173,12264
IAD-CMH,IAD,CMH,12264,11066
ELP-IAH,ELP,IAH,11540,12266
HOU-VPS,HOU,VPS,12191,15624
OGG-SMF,OGG,SMF,13830,14893
MDW-BUR,MDW,BUR,13232,10800
ATL-SAN,ATL,SAN,10397,14679
BDL-FLL,BDL,FLL,10529,11697
BNA-OAK,BNA,OAK,10693,13796
CHS-STL,CHS,STL,10994,15016
CMH-MYR,CMH,MYR,11066,13577
OAK-BNA,OAK,BNA,13796,10693
PBI-MDW,PBI,MDW,14027,13232
SEA-MCI,SEA,MCI,14747,13198
SMF-BNA,SMF,BNA,14893,10693
TPA-SYR,TPA,SYR,15304,15096
HOU-PIT,HOU,PIT,12191,14122
LGA-BOS,LGA,BOS,12953,10721
FSD-CLT,FSD,CLT,11775,11057
BGR-PHL,BGR,PHL,10581,14100
PHL-PDX,PHL,PDX,14100,14057
SAN-TPA,SAN,TPA,14679,15304
ABQ-PDX,ABQ,PDX,10140,14057
MCO-RIC,MCO,RIC,13204,14524
EYW-BOS,EYW,BOS,11624,10721
FLL-ORH,FLL,ORH,11697,13933
SRQ-LGA,SRQ,LGA,14986,12953
HNL-ATL,HNL,ATL,12173,10397
ATL-SLC,ATL,SLC,10397,14869
SLC-CVG,SLC,CVG,14869,11193
PDX-DTW,PDX,DTW,14057,11433
SJC-ATL,SJC,ATL,14831,10397
BIL-SLC,BIL,SLC,10620,14869
BUF-ATL,BUF,ATL,10792,10397
LGA-MSP,LGA,MSP,12953,13487
SYR-ATL,SYR,ATL,15096,10397
MSP-SMF,MSP,SMF,13487,14893
ALB-ATL,ALB,ATL,10257,10397
MSP-RDU,MSP,RDU,13487,14492
ATL-GPT,ATL,GPT,10397,11973
RDU-MSP,RDU,MSP,14492,13487
SLC-MKE,SLC,MKE,14869,13342
ATL-MLB,ATL,MLB,10397,13360
DTW-CMH,DTW,CMH,11433,11066
SLC-GEG,SLC,GEG,14869,11884
MSO-MSP,MSO,MSP,13486,13487
SMF-ATL,SMF,ATL,14893,10397
GEG-ATL,GEG,ATL,11884,10397
SLC-RDU,SLC,RDU,14869,14492
EGE-IAH,EGE,IAH,11503,12266
SRQ-IAD,SRQ,IAD,14986,12264
RSW-LAX,RSW,LAX,14635,12892
ORD-MTJ,ORD,MTJ,13930,13502
FLL-PBI,FLL,PBI,11697,14027
EWR-CMH,EWR,CMH,11618,11066
OGG-EWR,OGG,EWR,13830,11618
LGA-LAS,LGA,LAS,12953,12889
LAS-CVG,LAS,CVG,12889,11193
MSP-CHS,MSP,CHS,13487,10994
ATL-EGE,ATL,EGE,10397,11503
ICT-ATL,ICT,ATL,12278,10397
MSP-BIS,MSP,BIS,13487,10627
SLC-RNO,SLC,RNO,14869,14570
DTW-MSN,DTW,MSN,11433,13485
SAT-DTW,SAT,DTW,14683,11433
DTW-MSY,DTW,MSY,11433,13495
AVL-MSP,AVL,MSP,10431,13487
JAX-MSP,JAX,MSP,12451,13487
DTW-PBI,DTW,PBI,11433,14027
PBI-DTW,PBI,DTW,14027,11433
CVG-RSW,CVG,RSW,11193,14635
MSP-ABQ,MSP,ABQ,13487,10140
FSD-ATL,FSD,ATL,11775,10397
MSP-FSD,MSP,FSD,13487,11775
ABQ-MSP,ABQ,MSP,10140,13487
ATL-ATW,ATL,ATW,10397,10408
ATL-GRB,ATL,GRB,10397,11977
SAV-DTW,SAV,DTW,14685,11433
STL-SFO,STL,SFO,15016,14771
BUR-BNA,BUR,BNA,10800,10693
PBI-STL,PBI,STL,14027,15016
SFO-STL,SFO,STL,14771,15016
ABQ-MCO,ABQ,MCO,10140,13204
CLE-SRQ,CLE,SRQ,11042,14986
FLL-OMA,FLL,OMA,11697,13871
FLL-SDF,FLL,SDF,11697,14730
MCI-VPS,MCI,VPS,13198,15624
HOU-AMA,HOU,AMA,12191,10279
MIA-ALB,MIA,ALB,13303,10257
ORD-ECP,ORD,ECP,13930,11481
PHL-GSO,PHL,GSO,14100,11995
RST-MSP,RST,MSP,14633,13487
LFT-ATL,LFT,ATL,12951,10397
AGS-JFK,AGS,JFK,10208,12478
JFK-AGS,JFK,AGS,12478,10208
ATL-BMI,ATL,BMI,10397,10685
DTW-AGS,DTW,AGS,11433,10208
SNA-MIA,SNA,MIA,14908,13303
MEM-MIA,MEM,MIA,13244,13303
PDX-LIH,PDX,LIH,14057,12982
LIH-PDX,LIH,PDX,12982,14057
FLL-TLH,FLL,TLH,11697,15249
TLH-FLL,TLH,FLL,15249,11697
MSP-SYR,MSP,SYR,13487,15096
GEG-CLT,GEG,CLT,11884,11057
MEM-PHL,MEM,PHL,13244,14100
JNU-GST,JNU,GST,12523,11997
ANC-JFK,ANC,JFK,10299,12478
SLC-PIH,SLC,PIH,14869,14113
MLI-DEN,MLI,DEN,13367,11292
SFO-OTH,SFO,OTH,14771,13964
XNA-LAX,XNA,LAX,15919,12892
SFO-ASE,SFO,ASE,14771,10372
ASE-DFW,ASE,DFW,10372,11298
DFW-GGG,DFW,GGG,11298,11905
ORD-SUN,ORD,SUN,13930,15041
AVL-DEN,AVL,DEN,10431,11292
ONT-IAH,ONT,IAH,13891,12266
SDF-EWR,SDF,EWR,14730,11618
MKE-IAD,MKE,IAD,13342,12264
IAD-MKE,IAD,MKE,12264,13342
BUF-BNA,BUF,BNA,10792,10693
BUR-MCI,BUR,MCI,10800,13198
BUR-MSY,BUR,MSY,10800,13495
CVG-BNA,CVG,BNA,11193,10693
MCI-BUR,MCI,BUR,13198,10800
MDW-ELP,MDW,ELP,13232,11540
MSY-BUR,MSY,BUR,13495,10800
RIC-BNA,RIC,BNA,14524,10693
TUL-MCO,TUL,MCO,15370,13204
PIA-PIE,PIA,PIE,14108,14112
BIS-AZA,BIS,AZA,10627,10466
CAK-FLL,CAK,FLL,10874,11697
CHA-LGA,CHA,LGA,10980,12953
LGA-SBN,LGA,SBN,12953,14696
GUC-DFW,GUC,DFW,12012,11298
PSP-IAD,PSP,IAD,14262,12264
BHM-BNA,BHM,BNA,10599,10693
ALB-LAS,ALB,LAS,10257,12889
ELP-MCO,ELP,MCO,11540,13204
PSP-MDW,PSP,MDW,14262,13232
SMF-BWI,SMF,BWI,14893,10821
BUF-PBI,BUF,PBI,10792,14027
LGB-MCO,LGB,MCO,12954,13204
IND-IAD,IND,IAD,12339,12264
GRR-EWR,GRR,EWR,11986,11618
EWR-GRR,EWR,GRR,11618,11986
BGR-EWR,BGR,EWR,10581,11618
JFK-BZN,JFK,BZN,12478,10849
TUL-BNA,TUL,BNA,15370,10693
GRB-LGA,GRB,LGA,11977,12953
BOS-AGS,BOS,AGS,10721,10208
LGA-HHH,LGA,HHH,12953,12124
CMH-LAX,CMH,LAX,11066,12892
ONT-ORD,ONT,ORD,13891,13930
OMA-EWR,OMA,EWR,13871,11618
CMH-MCI,CMH,MCI,11066,13198
BOI-MDW,BOI,MDW,10713,13232
GEG-MDW,GEG,MDW,11884,13232
MDW-BOI,MDW,BOI,13232,10713
CMH-SAN,CMH,SAN,11066,14679
DAL-BUF,DAL,BUF,11259,10792
FAT-DAL,FAT,DAL,11638,11259
MCI-CHS,MCI,CHS,13198,10994
ORF-STL,ORF,STL,13931,15016
CHA-MIA,CHA,MIA,10980,13303
ACK-PHL,ACK,PHL,10154,14100
LGA-HYA,LGA,HYA,12953,12250
BOS-TVC,BOS,TVC,10721,15380
SJC-DTW,SJC,DTW,14831,11433
MDT-PHL,MDT,PHL,13230,14100
ANC-DTW,ANC,DTW,10299,11433
BOS-PQI,BOS,PQI,10721,14231
BZN-BOS,BZN,BOS,10849,10721
BOS-BZN,BOS,BZN,10721,10849
BDL-JFK,BDL,JFK,10529,12478
PVD-JFK,PVD,JFK,14307,12478
BOS-MVY,BOS,MVY,10721,13541
STX-SJU,STX,SJU,15027,14843
ROA-SRQ,ROA,SRQ,14574,14986
DSM-BOS,DSM,BOS,11423,10721
OMA-VPS,OMA,VPS,13871,15624
VPS-EVV,VPS,EVV,15624,11612
BLV-FLL,BLV,FLL,10676,11697
SNA-COS,SNA,COS,14908,11109
SMF-LIH,SMF,LIH,14893,12982
RDM-PHX,RDM,PHX,14489,14107
PHX-RDM,PHX,RDM,14107,14489
ABQ-PHL,ABQ,PHL,10140,14100
CLT-TVC,CLT,TVC,11057,15380
LGA-EGE,LGA,EGE,12953,11503
SYR-RDU,SYR,RDU,15096,14492
RDU-IND,RDU,IND,14492,12339
TTN-RDU,TTN,RDU,15356,14492
DEN-GRB,DEN,GRB,11292,11977
PIA-VPS,PIA,VPS,14108,15624
LAX-PVU,LAX,PVU,12892,14314
OKC-VPS,OKC,VPS,13851,15624
LAX-SHV,LAX,SHV,12892,14814
ORF-SFB,ORF,SFB,13931,14761
SAN-MFR,SAN,MFR,14679,13264
PVU-LAX,PVU,LAX,14314,12892
MFE-LAX,MFE,LAX,13256,12892
ORF-JAX,ORF,JAX,13931,12451
SAV-ATW,SAV,ATW,14685,10408
AVL-VPS,AVL,VPS,10431,15624
CID-LAX,CID,LAX,11003,12892
DSM-VPS,DSM,VPS,11423,15624
FCA-OAK,FCA,OAK,11648,13796
PGD-HTS,PGD,HTS,14082,12223
SAN-PSC,SAN,PSC,14679,14252
SAV-GRR,SAV,GRR,14685,11986
MYR-SDF,MYR,SDF,13577,14730
RDU-SBN,RDU,SBN,14492,14696
DEN-CNY,DEN,CNY,11292,11092
ORD-HYS,ORD,HYS,13930,12255
HYS-SLN,HYS,SLN,12255,14877
IAH-ECP,IAH,ECP,12266,11481
BNA-MLB,BNA,MLB,10693,13360
SRQ-LEX,SRQ,LEX,14986,12945
ATW-GUF,ATW,GUF,10408,16422
LGA-MTJ,LGA,MTJ,12953,13502
MTJ-LGA,MTJ,LGA,13502,12953
FAI-MSP,FAI,MSP,11630,13487
SAN-CLE,SAN,CLE,14679,11042
PIE-ORF,PIE,ORF,14112,13931
GRR-LAX,GRR,LAX,11986,12892
TVC-AZA,TVC,AZA,15380,10466
PHL-MSN,PHL,MSN,14100,13485
EWR-ABQ,EWR,ABQ,11618,10140
PHL-EWR,PHL,EWR,14100,11618
EWR-PHL,EWR,PHL,11618,14100
OAK-DFW,OAK,DFW,13796,11298
RIC-LAS,RIC,LAS,14524,12889
SJU-RSW,SJU,RSW,14843,14635
STX-FLL,STX,FLL,15027,11697
SNA-TUS,SNA,TUS,14908,15376
HDN-SAN,HDN,SAN,12094,14679
LAX-HDN,LAX,HDN,12892,12094
HOU-DTW,HOU,DTW,12191,11433
TTN-RSW,TTN,RSW,15356,14635
MCO-DSM,MCO,DSM,13204,11423
RSW-ISP,RSW,ISP,14635,12391
DFW-LRD,DFW,LRD,11298,13061
BGR-FLL,BGR,FLL,10581,11697
LAS-BLV,LAS,BLV,12889,10676
RSW-RIC,RSW,RIC,14635,14524
RIC-RSW,RIC,RSW,14524,14635
CHS-TPA,CHS,TPA,10994,15304
RIC-TPA,RIC,TPA,14524,15304
DEN-HRL,DEN,HRL,11292,12206
LRD-IAH,LRD,IAH,13061,12266
MHT-ORD,MHT,ORD,13296,13930
ATW-JAX,ATW,JAX,10408,12451
SCE-DFW,SCE,DFW,14711,11298
MCO-BOI,MCO,BOI,13204,10713
FCA-LGA,FCA,LGA,11648,12953
SMF-ANC,SMF,ANC,14893,10299
CAE-EWR,CAE,EWR,10868,11618
CAE-MCO,CAE,MCO,10868,13204
CHA-MCO,CHA,MCO,10980,13204
LAX-MKE,LAX,MKE,12892,13342
MKE-LAX,MKE,LAX,13342,12892
BHM-EWR,BHM,EWR,10599,11618
FLL-LBE,FLL,LBE,11697,12898
FWA-CLT,FWA,CLT,11823,11057
PHL-RIC,PHL,RIC,14100,14524
RIC-PHL,RIC,PHL,14524,14100
PHL-ECP,PHL,ECP,14100,11481
BHM-TLH,BHM,TLH,10599,15249
SFO-MSN,SFO,MSN,14771,13485
DEN-PAE,DEN,PAE,11292,14004
MGM-STL,MGM,STL,13277,15016
DEN-COU,DEN,COU,11292,11111
GTR-DFW,GTR,DFW,12007,11298
PHX-SMX,PHX,SMX,14107,14905
DEN-ATY,DEN,ATY,11292,10409
ORD-LAF,ORD,LAF,13930,12878
ATY-DEN,ATY,DEN,10409,11292
SHV-IAH,SHV,IAH,14814,12266
SAF-LAX,SAF,LAX,14674,12892
STS-PSP,STS,PSP,15023,14262
STS-LAS,STS,LAS,15023,12889
ATY-MSP,ATY,MSP,10409,13487
MSP-ATY,MSP,ATY,13487,10409
PDX-FCA,PDX,FCA,14057,11648
MKE-ATW,MKE,ATW,13342,10408
BTV-MIA,BTV,MIA,10785,13303
BLV-LAS,BLV,LAS,10676,12889
ROA-BNA,ROA,BNA,14574,10693
SPI-AZA,SPI,AZA,14952,10466
HIB-INL,HIB,INL,12129,12343
CLE-SLC,CLE,SLC,11042,14869
PNS-CVG,PNS,CVG,14193,11193
SAV-CLE,SAV,CLE,14685,11042
MKE-RDU,MKE,RDU,13342,14492
MSY-CLE,MSY,CLE,13495,11042
AUS-EUG,AUS,EUG,10423,11603
RSW-ABE,RSW,ABE,14635,10135
SRQ-TOL,SRQ,TOL,14986,15295
PSP-DSM,PSP,DSM,14262,11423
ACK-CLT,ACK,CLT,10154,11057
HOU-BUF,HOU,BUF,12191,10792
IND-BUF,IND,BUF,12339,10792
BUF-IND,BUF,IND,10792,12339
SRQ-IAH,SRQ,IAH,14986,12266
SUN-SEA,SUN,SEA,15041,14747
IAD-SCE,IAD,SCE,12264,14711
JAN-IAH,JAN,IAH,12448,12266
SAF-IAH,SAF,IAH,14674,12266
LAX-MSN,LAX,MSN,12892,13485
TVC-ATL,TVC,ATL,15380,10397
FLL-FWA,FLL,FWA,11697,11823
HSV-FLL,HSV,FLL,12217,11697
BHM-BTR,BHM,BTR,10599,10781
GRB-CLT,GRB,CLT,11977,11057
MIA-SRQ,MIA,SRQ,13303,14986
CLT-GRB,CLT,GRB,11057,11977
SRQ-MIA,SRQ,MIA,14986,13303
DAB-DTW,DAB,DTW,11252,11433
DFW-HHH,DFW,HHH,11298,12124
MSN-SFO,MSN,SFO,13485,14771
SBN-RDU,SBN,RDU,14696,14492
ONT-PSP,ONT,PSP,13891,14262
MCO-XNA,MCO,XNA,13204,15919
MKE-BHM,MKE,BHM,13342,10599
GUC-ORD,GUC,ORD,12012,13930
HOU-GUF,HOU,GUF,12191,16422
MYR-GRR,MYR,GRR,13577,11986
MCI-GUF,MCI,GUF,13198,16422
SLC-KOA,SLC,KOA,14869,12758
LEX-LGA,LEX,LGA,12945,12953
ITO-LAX,ITO,LAX,12402,12892
PHX-JAC,PHX,JAC,14107,12441
AUS-BHM,AUS,BHM,10423,10599
SCE-ATL,SCE,ATL,14711,10397
RAP-XWA,RAP,XWA,14457,16869
ONT-BUR,ONT,BUR,13891,10800
ATL-BGR,ATL,BGR,10397,10581
XNA-EWR,XNA,EWR,15919,11618
PHL-MDT,PHL,MDT,14100,13230
IAH-GNV,IAH,GNV,12266,11953
GNV-IAH,GNV,IAH,11953,12266
OKC-MSY,OKC,MSY,13851,13495
AZA-BLV,AZA,BLV,10466,10676
AZA-SNA,AZA,SNA,10466,14908
TUL-AZA,TUL,AZA,15370,10466
PNS-BOS,PNS,BOS,14193,10721
SAV-FNT,SAV,FNT,14685,11721
BHM-CLL,BHM,CLL,10599,11049
BTR-LAS,BTR,LAS,10781,12889
VRB-BOS,VRB,BOS,15628,10721
VRB-JFK,VRB,JFK,15628,12478
RSW-SLC,RSW,SLC,14635,14869
PUB-DEN,PUB,DEN,14288,11292
COS-LAX,COS,LAX,11109,12892
XNA-PIT,XNA,PIT,15919,14122
MCO-AGS,MCO,AGS,13204,10208
BIL-COD,BIL,COD,10620,11097
RSW-ROC,RSW,ROC,14635,14576
AGS-MSP,AGS,MSP,10208,13487
SLC-GRB,SLC,GRB,14869,11977
CLE-MKE,CLE,MKE,11042,13342
KOA-DFW,KOA,DFW,12758,11298
RSW-PHX,RSW,PHX,14635,14107
ICT-DDC,ICT,DDC,12278,11283
CVG-MCI,CVG,MCI,11193,13198
OAK-DTW,OAK,DTW,13796,11433
CID-CMH,CID,CMH,11003,11066
CLT-EVV,CLT,EVV,11057,11612
GRB-SJC,GRB,SJC,11977,14831
SFO-XNA,SFO,XNA,14771,15919
MRY-PHX,MRY,PHX,13476,14107
PHX-MRY,PHX,MRY,14107,13476
ORD-ALO,ORD,ALO,13930,10268
DFW-HRL,DFW,HRL,11298,12206
CMH-ORD,CMH,ORD,11066,13930
RNO-AUS,RNO,AUS,14570,10423
CMI-ORD,CMI,ORD,11067,13930
ORD-XNA,ORD,XNA,13930,15919
PIA-ORD,PIA,ORD,14108,13930
LIT-DFW,LIT,DFW,12992,11298
ORD-GRR,ORD,GRR,13930,11986
ORD-ALB,ORD,ALB,13930,10257
DFW-XNA,DFW,XNA,11298,15919
ORD-CLE,ORD,CLE,13930,11042
DFW-CMI,DFW,CMI,11298,11067
DFW-ABI,DFW,ABI,11298,10136
LIT-DCA,LIT,DCA,12992,11278
COU-ORD,COU,ORD,11111,13930
FAR-ORD,FAR,ORD,11637,13930
MHK-ORD,MHK,ORD,13290,13930
AUS-ABQ,AUS,ABQ,10423,10140
ORD-MHK,ORD,MHK,13930,13290
ORD-MLI,ORD,MLI,13930,13367
ORD-BMI,ORD,BMI,13930,10685
ORD-OMA,ORD,OMA,13930,13871
MSN-PHX,MSN,PHX,13485,14107
MIA-RDU,MIA,RDU,13303,14492
BIS-DFW,BIS,DFW,10627,11298
ORD-MCI,ORD,MCI,13930,13198
ORD-RST,ORD,RST,13930,14633
DFW-GPT,DFW,GPT,11298,11973
PHX-LBB,PHX,LBB,14107,12896
RDU-AUS,RDU,AUS,14492,10423
PHX-SBP,PHX,SBP,14107,14698
SBP-PHX,SBP,PHX,14698,14107
SBA-PHX,SBA,PHX,14689,14107
MIA-TYS,MIA,TYS,13303,15412
IND-ORD,IND,ORD,12339,13930
DCA-BDL,DCA,BDL,11278,10529
OKC-ORD,OKC,ORD,13851,13930
MCO-EWR,MCO,EWR,13204,11618
ORD-LAX,ORD,LAX,13930,12892
DFW-LAS,DFW,LAS,11298,12889
EWR-SJU,EWR,SJU,11618,14843
PNS-FLL,PNS,FLL,14193,11697
MCO-PHL,MCO,PHL,13204,14100
PNS-MCO,PNS,MCO,14193,13204
TPA-CLE,TPA,CLE,15304,11042
RSW-ACY,RSW,ACY,14635,10158
BOS-RSW,BOS,RSW,10721,14635
BDL-MCO,BDL,MCO,10529,13204
LAS-DFW,LAS,DFW,12889,11298
BWI-SJU,BWI,SJU,10821,14843
TPA-DTW,TPA,DTW,15304,11433
MCO-MCI,MCO,MCI,13204,13198
SJU-BWI,SJU,BWI,14843,10821
LAX-DFW,LAX,DFW,12892,11298
CMH-MCO,CMH,MCO,11066,13204
MHT-RSW,MHT,RSW,13296,14635
FLL-IAH,FLL,IAH,11697,12266
MSY-MCO,MSY,MCO,13495,13204
LAS-ORD,LAS,ORD,12889,13930
FLL-BWI,FLL,BWI,11697,10821
CLE-TPA,CLE,TPA,11042,15304
DTW-DEN,DTW,DEN,11433,11292
MSP-LAS,MSP,LAS,13487,12889
PIT-MCO,PIT,MCO,14122,13204
MCO-ORD,MCO,ORD,13204,13930
MCO-SDF,MCO,SDF,13204,14730
SLC-MCO,SLC,MCO,14869,13204
LAS-SMF,LAS,SMF,12889,14893
TPA-MSY,TPA,MSY,15304,13495
MSY-TPA,MSY,TPA,13495,15304
DEN-LAX,DEN,LAX,11292,12892
DFW-DEN,DFW,DEN,11298,11292
ACY-PBI,ACY,PBI,10158,14027
MCO-MKE,MCO,MKE,13204,13342
DFW-ORD,DFW,ORD,11298,13930
BWI-FLL,BWI,FLL,10821,11697
MCO-RDU,MCO,RDU,13204,14492
CLE-DFW,CLE,DFW,11042,11298
TPA-SJU,TPA,SJU,15304,14843
MIA-DTW,MIA,DTW,13303,11433
LAX-FLL,LAX,FLL,12892,11697
MIA-LGA,MIA,LGA,13303,12953
IAH-MIA,IAH,MIA,12266,13303
MIA-IAH,MIA,IAH,13303,12266
CLE-FLL,CLE,FLL,11042,11697
STL-LAX,STL,LAX,15016,12892
STL-MKE,STL,MKE,15016,13342
STL-PHL,STL,PHL,15016,14100
STL-SAT,STL,SAT,15016,14683
STL-SRQ,STL,SRQ,15016,14986
TPA-MCI,TPA,MCI,15304,13198
TPA-PIT,TPA,PIT,15304,14122
TPA-SDF,TPA,SDF,15304,14730
TUL-LAS,TUL,LAS,15370,12889
TUS-LAX,TUS,LAX,15376,12892
VPS-DAL,VPS,DAL,15624,11259
ABQ-DAL,ABQ,DAL,10140,11259
AMA-DAL,AMA,DAL,10279,11259
ATL-DAL,ATL,DAL,10397,11259
ATL-IAD,ATL,IAD,10397,12264
ATL-MCI,ATL,MCI,10397,13198
ATL-MKE,ATL,MKE,10397,13342
ATL-RSW,ATL,RSW,10397,14635
AUS-OAK,AUS,OAK,10423,13796
BNA-BDL,BNA,BDL,10693,10529
BNA-BOS,BNA,BOS,10693,10721
BNA-CMH,BNA,CMH,10693,11066
BNA-LGA,BNA,LGA,10693,12953
BNA-PIT,BNA,PIT,10693,14122
BNA-RDU,BNA,RDU,10693,14492
BNA-SAT,BNA,SAT,10693,14683
BUF-MCO,BUF,MCO,10792,13204
BWI-BDL,BWI,BDL,10821,10529
BWI-BHM,BWI,BHM,10821,10599
BWI-BUF,BWI,BUF,10821,10792
BWI-CLE,BWI,CLE,10821,11042
BWI-GSP,BWI,GSP,10821,11996
BWI-MYR,BWI,MYR,10821,13577
BWI-PBI,BWI,PBI,10821,14027
BWI-PVD,BWI,PVD,10821,14307
BWI-PWM,BWI,PWM,10821,14321
BWI-SAV,BWI,SAV,10821,14685
BZN-DEN,BZN,DEN,10849,11292
CLE-MDW,CLE,MDW,11042,13232
CLT-BWI,CLT,BWI,11057,10821
DAL-ABQ,DAL,ABQ,11259,10140
DAL-LGB,DAL,LGB,11259,12954
DAL-LIT,DAL,LIT,11259,12992
DAL-ONT,DAL,ONT,11259,13891
DAL-SAT,DAL,SAT,11259,14683
DCA-BNA,DCA,BNA,11278,10693
DCA-MSY,DCA,MSY,11278,13495
DEN-ELP,DEN,ELP,11292,11540
DEN-FAT,DEN,FAT,11292,11638
DEN-HOU,DEN,HOU,11292,12191
DEN-IAD,DEN,IAD,11292,12264
DEN-PDX,DEN,PDX,11292,14057
DEN-PHL,DEN,PHL,11292,14100
DEN-RDU,DEN,RDU,11292,14492
DEN-RNO,DEN,RNO,11292,14570
DEN-TPA,DEN,TPA,11292,15304
ECP-HOU,ECP,HOU,11481,12191
EUG-LAS,EUG,LAS,11603,12889
EUG-SJC,EUG,SJC,11603,14831
HNL-KOA,HNL,KOA,12173,12758
HOU-DEN,HOU,DEN,12191,11292
HOU-ECP,HOU,ECP,12191,11481
HOU-MDW,HOU,MDW,12191,13232
HOU-SMF,HOU,SMF,12191,14893
IND-DEN,IND,DEN,12339,11292
ISP-BNA,ISP,BNA,12391,10693
LAS-SBA,LAS,SBA,12889,14689
LAX-DAL,LAX,DAL,12892,11259
LAX-SFO,LAX,SFO,12892,14771
LBB-DEN,LBB,DEN,12896,11292
LGB-AUS,LGB,AUS,12954,10423
LGB-SJC,LGB,SJC,12954,14831
MAF-HOU,MAF,HOU,13158,12191
MCI-HOU,MCI,HOU,13198,12191
MCI-LAX,MCI,LAX,13198,12892
MCI-MDW,MCI,MDW,13198,13232
MCO-BHM,MCO,BHM,13204,10599
MDW-CLE,MDW,CLE,13232,11042
MDW-CLT,MDW,CLT,13232,11057
MDW-MCO,MDW,MCO,13232,13204
MDW-ONT,MDW,ONT,13232,13891
MDW-RIC,MDW,RIC,13232,14524
MDW-RSW,MDW,RSW,13232,14635
MDW-SAN,MDW,SAN,13232,14679
MEM-DAL,MEM,DAL,13244,11259
MKE-LAS,MKE,LAS,13342,12889
MKE-TPA,MKE,TPA,13342,15304
MSP-BWI,MSP,BWI,13487,10821
MSY-STL,MSY,STL,13495,15016
OAK-BOI,OAK,BOI,13796,10713
OAK-DAL,OAK,DAL,13796,11259
OKC-MDW,OKC,MDW,13851,13232
OKC-PHX,OKC,PHX,13851,14107
PHX-BNA,PHX,BNA,14107,10693
PHX-BOI,PHX,BOI,14107,10713
PHX-GEG,PHX,GEG,14107,11884
PHX-HOU,PHX,HOU,14107,12191
PHX-MSP,PHX,MSP,14107,13487
PHX-SAN,PHX,SAN,14107,14679
PIT-LAS,PIT,LAS,14122,12889
PIT-TPA,PIT,TPA,14122,15304
PSP-LAS,PSP,LAS,14262,12889
RDU-BNA,RDU,BNA,14492,10693
RDU-STL,RDU,STL,14492,15016
ROC-MDW,ROC,MDW,14576,13232
RSW-MCO,RSW,MCO,14635,13204
RSW-STL,RSW,STL,14635,15016
SAN-MCI,SAN,MCI,14679,13198
SAN-SLC,SAN,SLC,14679,14869
SAT-BNA,SAT,BNA,14683,10693
SAT-DAL,SAT,DAL,14683,11259
SAT-DEN,SAT,DEN,14683,11292
SAT-STL,SAT,STL,14683,15016
SDF-TPA,SDF,TPA,14730,15304
SEA-MDW,SEA,MDW,14747,13232
SEA-OAK,SEA,OAK,14747,13796
SEA-SMF,SEA,SMF,14747,14893
SJC-ONT,SJC,ONT,14831,13891
SLC-HOU,SLC,HOU,14869,12191
SLC-SJC,SLC,SJC,14869,14831
SMF-BUR,SMF,BUR,14893,10800
SMF-ONT,SMF,ONT,14893,13891
SMF-PSP,SMF,PSP,14893,14262
SMF-STL,SMF,STL,14893,15016
STL-LGB,STL,LGB,15016,12954
TPA-DFW,TPA,DFW,15304,11298
BDL-MIA,BDL,MIA,10529,13303
ATL-CLT,ATL,CLT,10397,11057
DFW-JFK,DFW,JFK,11298,12478
JAX-CLT,JAX,CLT,12451,11057
DFW-LAX,DFW,LAX,11298,12892
SDF-MIA,SDF,MIA,14730,13303
PHL-IND,PHL,IND,14100,12339
DCA-DFW,DCA,DFW,11278,11298
DFW-STL,DFW,STL,11298,15016
ORD-JFK,ORD,JFK,13930,12478
DFW-SFO,DFW,SFO,11298,14771
TUL-CLT,TUL,CLT,15370,11057
DFW-SDF,DFW,SDF,11298,14730
DFW-AMA,DFW,AMA,11298,10279
ORF-MIA,ORF,MIA,13931,13303
SLC-DFW,SLC,DFW,14869,11298
PWM-DCA,PWM,DCA,14321,11278
RDU-DCA,RDU,DCA,14492,11278
MIA-SAT,MIA,SAT,13303,14683
RDU-LGA,RDU,LGA,14492,12953
PHL-PBI,PHL,PBI,14100,14027
CLT-PHX,CLT,PHX,11057,14107
CLT-ALB,CLT,ALB,11057,10257
DFW-MCI,DFW,MCI,11298,13198
EWR-ORD,EWR,ORD,11618,13930
DCA-JAX,DCA,JAX,11278,12451
PSP-DFW,PSP,DFW,14262,11298
MIA-SFO,MIA,SFO,13303,14771
EWR-DTW,EWR,DTW,11618,11433
LGA-BDL,LGA,BDL,12953,10529
ATL-TYS,ATL,TYS,10397,15412
ATL-XNA,ATL,XNA,10397,15919
IAD-JFK,IAD,JFK,12264,12478
LGA-ALB,LGA,ALB,12953,10257
CHS-JFK,CHS,JFK,10994,12478
JFK-PWM,JFK,PWM,12478,14321
DTW-ORF,DTW,ORF,11433,13931
CVG-LGA,CVG,LGA,11193,12953
GRB-DTW,GRB,DTW,11977,11433
LGA-GSP,LGA,GSP,12953,11996
DTW-LEX,DTW,LEX,11433,12945
JFK-CMH,JFK,CMH,12478,11066
ROC-DTW,ROC,DTW,14576,11433
DTW-AZO,DTW,AZO,11433,10469
AZO-DTW,AZO,DTW,10469,11433
DCA-DAY,DCA,DAY,11278,11267
ECP-CLT,ECP,CLT,11481,11057
PNS-DCA,PNS,DCA,14193,11278
PHL-PWM,PHL,PWM,14100,14321
CLT-JAN,CLT,JAN,11057,12448
DCA-MGM,DCA,MGM,11278,13277
DCA-DAB,DCA,DAB,11278,11252
SAV-DCA,SAV,DCA,14685,11278
PHL-DAY,PHL,DAY,14100,11267
PHL-RDU,PHL,RDU,14100,14492
SFO-MSP,SFO,MSP,14771,13487
RSW-IAD,RSW,IAD,14635,12264
EWR-JAX,EWR,JAX,11618,12451
EWR-BUF,EWR,BUF,11618,10792
DEN-GJT,DEN,GJT,11292,11921
SFO-CMH,SFO,CMH,14771,11066
EUG-SFO,EUG,SFO,11603,14771
MSP-SFO,MSP,SFO,13487,14771
EWR-LAS,EWR,LAS,11618,12889
IAH-RIC,IAH,RIC,12266,14524
CVG-IAH,CVG,IAH,11193,12266
SFO-AUS,SFO,AUS,14771,10423
SFO-ORD,SFO,ORD,14771,13930
IAH-SJC,IAH,SJC,12266,14831
STL-EWR,STL,EWR,15016,11618
SFO-SBA,SFO,SBA,14771,14689
SFO-PDX,SFO,PDX,14771,14057
DEN-RIC,DEN,RIC,11292,14524
IAD-AUS,IAD,AUS,12264,10423
SAV-DEN,SAV,DEN,14685,11292
MSY-IAD,MSY,IAD,13495,12264
MEM-IAH,MEM,IAH,13244,12266
CID-DEN,CID,DEN,11003,11292
ORD-PDX,ORD,PDX,13930,14057
ORD-BTV,ORD,BTV,13930,10785
IAH-RDU,IAH,RDU,12266,14492
ORF-EWR,ORF,EWR,13931,11618
SEA-IAH,SEA,IAH,14747,12266
SFO-TPA,SFO,TPA,14771,15304
IAD-PDX,IAD,PDX,12264,14057
LGA-IAH,LGA,IAH,12953,12266
IND-IAH,IND,IAH,12339,12266
OMA-SFO,OMA,SFO,13871,14771
SFO-EWR,SFO,EWR,14771,11618
LAX-KOA,LAX,KOA,12892,12758
SAV-IAD,SAV,IAD,14685,12264
DCA-DEN,DCA,DEN,11278,11292
SJU-ORD,SJU,ORD,14843,13930
ORD-PNS,ORD,PNS,13930,14193
ORD-SJU,ORD,SJU,13930,14843
IAD-SEA,IAD,SEA,12264,14747
DEN-BTV,DEN,BTV,11292,10785
ORD-GEG,ORD,GEG,13930,11884
ORD-FAI,ORD,FAI,13930,11630
SFO-RDM,SFO,RDM,14771,14489
IAH-MAF,IAH,MAF,12266,13158
BZN-SFO,BZN,SFO,10849,14771
JAX-IAH,JAX,IAH,12451,12266
SLC-IAH,SLC,IAH,14869,12266
EWR-PDX,EWR,PDX,11618,14057
IAH-BOS,IAH,BOS,12266,10721
JAC-ORD,JAC,ORD,12441,13930
BZN-EWR,BZN,EWR,10849,11618
JAC-EWR,JAC,EWR,12441,11618
LAX-BZN,LAX,BZN,12892,10849
OGG-DEN,OGG,DEN,13830,11292
GRR-IAH,GRR,IAH,11986,12266
FCA-ORD,FCA,ORD,11648,13930
PWM-DEN,PWM,DEN,14321,11292
DCA-PDX,DCA,PDX,11278,14057
SEA-JFK,SEA,JFK,14747,12478
ANC-BRW,ANC,BRW,10299,10754
WRG-PSG,WRG,PSG,15841,14256
KTN-WRG,KTN,WRG,12819,15841
MCO-SEA,MCO,SEA,13204,14747
BOS-SAN,BOS,SAN,10721,14679
SEA-CHS,SEA,CHS,14747,10994
SEA-RNO,SEA,RNO,14747,14570
PDX-KOA,PDX,KOA,14057,12758
BZN-SEA,BZN,SEA,10849,14747
SEA-GEG,SEA,GEG,14747,11884
FAT-SEA,FAT,SEA,11638,14747
SAN-GEG,SAN,GEG,14679,11884
ONT-SEA,ONT,SEA,13891,14747
SEA-SBA,SEA,SBA,14747,14689
SCC-ANC,SCC,ANC,14709,10299
MSP-BOS,MSP,BOS,13487,10721
FLL-JFK,FLL,JFK,11697,12478
RSW-JFK,RSW,JFK,14635,12478
JFK-PBI,JFK,PBI,12478,14027
LGA-ACK,LGA,ACK,12953,10154
BOS-PIT,BOS,PIT,10721,14122
TPA-HPN,TPA,HPN,15304,12197
BUR-JFK,BUR,JFK,10800,12478
BUF-LAX,BUF,LAX,10792,12892
JFK-BUR,JFK,BUR,12478,10800
SJC-JFK,SJC,JFK,14831,12478
SRQ-JFK,SRQ,JFK,14986,12478
BQN-TPA,BQN,TPA,10732,15304
RIC-BOS,RIC,BOS,14524,10721
SJU-DCA,SJU,DCA,14843,11278
JFK-SAT,JFK,SAT,12478,14683
BOI-LAX,BOI,LAX,10713,12892
ATL-ASE,ATL,ASE,10397,10372
SLC-SGU,SLC,SGU,14869,14794
MSP-ABR,MSP,ABR,13487,10141
DTW-SBN,DTW,SBN,11433,14696
BRD-MSP,BRD,MSP,10739,13487
ESC-MSP,ESC,MSP,11587,13487
SLC-CDC,SLC,CDC,14869,10918
SLC-GTF,SLC,GTF,14869,12003
PDX-BOI,PDX,BOI,14057,10713
LAX-BOI,LAX,BOI,12892,10713
BOI-BUR,BOI,BUR,10713,10800
SEA-MRY,SEA,MRY,14747,13476
BTM-SLC,BTM,SLC,10779,14869
ABR-MSP,ABR,MSP,10141,13487
MSP-GFK,MSP,GFK,13487,11898
ESC-DTW,ESC,DTW,11587,11433
LAX-STS,LAX,STS,12892,15023
SBP-SEA,SBP,SEA,14698,14747
LBF-DEN,LBF,DEN,12899,11292
ORD-CMX,ORD,CMX,13930,11076
ORD-DEC,ORD,DEC,13930,11288
RIW-DEN,RIW,DEN,14534,11292
SGF-DEN,SGF,DEN,14783,11292
LNK-DEN,LNK,DEN,13029,11292
OTH-SFO,OTH,SFO,13964,14771
ORD-MCW,ORD,MCW,13930,13211
LAX-XNA,LAX,XNA,12892,15919
PHX-DRO,PHX,DRO,14107,11413
BPT-DFW,BPT,DFW,10728,11298
DFW-SGU,DFW,SGU,11298,14794
DEN-GCC,DEN,GCC,11292,11865
DEN-SHR,DEN,SHR,11292,14812
DEN-BIS,DEN,BIS,11292,10627
DEN-PRC,DEN,PRC,11292,14237
RDD-SFO,RDD,SFO,14487,14771
DEN-ASE,DEN,ASE,11292,10372
DFW-ACT,DFW,ACT,11298,10155
DFW-GRI,DFW,GRI,11298,11980
DEN-SGF,DEN,SGF,11292,14783
DEN-DIK,DEN,DIK,11292,11315
DEN-RIW,DEN,RIW,11292,14534
OTH-DEN,OTH,DEN,13964,11292
IAH-TYS,IAH,TYS,12266,15412
FOD-MCW,FOD,MCW,11725,13211
ORD-FOD,ORD,FOD,13930,11725
SBP-LAX,SBP,LAX,14698,12892
IAH-OKC,IAH,OKC,12266,13851
LAX-SBP,LAX,SBP,12892,14698
GUC-DEN,GUC,DEN,12012,11292
LBL-DEN,LBL,DEN,12902,11292
SUN-SLC,SUN,SLC,15041,14869
ROA-ORD,ROA,ORD,14574,13930
DAY-DEN,DAY,DEN,11267,11292
ORD-BGR,ORD,BGR,13930,10581
SFO-TUS,SFO,TUS,14771,15376
MFR-SLC,MFR,SLC,13264,14869
DEN-ATW,DEN,ATW,11292,10408
CVG-VPS,CVG,VPS,11193,15624
GRR-PGD,GRR,PGD,11986,14082
CID-PIE,CID,PIE,11003,14112
PVU-AZA,PVU,AZA,14314,10466
MCO-AVL,MCO,AVL,13204,10431
SRQ-RFD,SRQ,RFD,14986,14512
AZA-STC,AZA,STC,10466,15008
SFB-TVC,SFB,TVC,14761,15380
FAR-BNA,FAR,BNA,11637,10693
SDF-VPS,SDF,VPS,14730,15624
PIE-SAV,PIE,SAV,14112,14685
GTF-AZA,GTF,AZA,12003,10466
ROC-PGD,ROC,PGD,14576,14082
SMX-LAS,SMX,LAS,14905,12889
USA-PIE,USA,PIE,12544,14112
PVU-PDX,PVU,PDX,14314,14057
RFD-LAS,RFD,LAS,14512,12889
MLI-AZA,MLI,AZA,13367,10466
LCK-PIE,LCK,PIE,12917,14112
SFB-HGR,SFB,HGR,14761,12119
CAK-SFB,CAK,SFB,10874,14761
PGD-GRR,PGD,GRR,14082,11986
FSD-PIE,FSD,PIE,11775,14112
PIT-PGD,PIT,PGD,14122,14082
SNA-IDA,SNA,IDA,14908,12280
PVD-PGD,PVD,PGD,14307,14082
BOS-TYS,BOS,TYS,10721,15412
RFD-SFB,RFD,SFB,14512,14761
BNA-MDT,BNA,MDT,10693,13230
ABE-MYR,ABE,MYR,10135,13577
SHV-LAS,SHV,LAS,14814,12889
LAS-GRI,LAS,GRI,12889,11980
SFB-AVL,SFB,AVL,14761,10431
FSD-PGD,FSD,PGD,11775,14082
SBN-PGD,SBN,PGD,14696,14082
SDF-PIE,SDF,PIE,14730,14112
PHX-AVL,PHX,AVL,14107,10431
PIE-RIC,PIE,RIC,14112,14524
STC-AZA,STC,AZA,15008,10466
SFB-BGR,SFB,BGR,14761,10581
SGF-SFB,SGF,SFB,14783,14761
AUS-TYS,AUS,TYS,10423,15412
ALB-BNA,ALB,BNA,10257,10693
BNA-ALB,BNA,ALB,10693,10257
PIT-SFB,PIT,SFB,14122,14761
MDT-PGD,MDT,PGD,13230,14082
LEX-PIE,LEX,PIE,12945,14112
PIA-AZA,PIA,AZA,14108,10466
MEM-SFB,MEM,SFB,13244,14761
LAS-MSO,LAS,MSO,12889,13486
LCK-SRQ,LCK,SRQ,12917,14986
BNA-FSD,BNA,FSD,10693,11775
SRQ-SYR,SRQ,SYR,14986,15096
SAV-CVG,SAV,CVG,14685,11193
PBG-FLL,PBG,FLL,14025,11697
AZA-CID,AZA,CID,10466,11003
ATW-AZA,ATW,AZA,10408,10466
JAX-FNT,JAX,FNT,12451,11721
PSC-AZA,PSC,AZA,14252,10466
MFR-SNA,MFR,SNA,13264,14908
PIE-CVG,PIE,CVG,14112,11193
PIE-CID,PIE,CID,14112,11003
SFB-DSM,SFB,DSM,14761,11423
SDF-SFB,SDF,SFB,14730,14761
PIE-IND,PIE,IND,14112,12339
AZA-MOT,AZA,MOT,10466,13433
PBI-CVG,PBI,CVG,14027,11193
PBG-SRQ,PBG,SRQ,14025,14986
SGF-LAS,SGF,LAS,14783,12889
GSP-SFB,GSP,SFB,11996,14761
DSM-SRQ,DSM,SRQ,11423,14986
XNA-AZA,XNA,AZA,15919,10466
TYS-PHX,TYS,PHX,15412,14107
EYW-AVL,EYW,AVL,11624,10431
SFB-CKB,SFB,CKB,14761,11027
JAX-TYS,JAX,TYS,12451,15412
SYR-BNA,SYR,BNA,15096,10693
PDX-PVU,PDX,PVU,14057,14314
VPS-FNT,VPS,FNT,15624,11721
FLL-CID,FLL,CID,11697,11003
SWF-MYR,SWF,MYR,15070,13577
USA-FLL,USA,FLL,12544,11697
TVC-PGD,TVC,PGD,15380,14082
PVU-MDW,PVU,MDW,14314,13232
SFB-OMA,SFB,OMA,14761,13871
FNT-BNA,FNT,BNA,11721,10693
SFB-ICT,SFB,ICT,14761,12278
BIS-LAS,BIS,LAS,10627,12889
GSP-FLL,GSP,FLL,11996,11697
SFB-CAE,SFB,CAE,14761,10868
IND-PDX,IND,PDX,12339,14057
SRQ-TYS,SRQ,TYS,14986,15412
DSM-PDX,DSM,PDX,11423,14057
VPS-PIT,VPS,PIT,15624,14122
TYS-VPS,TYS,VPS,15412,15624
VPS-TYS,VPS,TYS,15624,15412
TYS-MEM,TYS,MEM,15412,13244
SGF-VPS,SGF,VPS,14783,15624
AVL-IAD,AVL,IAD,10431,12264
IND-AUS,IND,AUS,12339,10423
DFW-BIL,DFW,BIL,11298,10620
FWA-ORD,FWA,ORD,11823,13930
AVL-DFW,AVL,DFW,10431,11298
ABQ-LAS,ABQ,LAS,10140,12889
LAS-BOI,LAS,BOI,12889,10713
SLC-LGB,SLC,LGB,14869,12954
COS-HOU,COS,HOU,11109,12191
DAL-MTJ,DAL,MTJ,11259,13502
DAL-RNO,DAL,RNO,11259,14570
DEN-GRR,DEN,GRR,11292,11986
HOU-ONT,HOU,ONT,12191,13891
OMA-MCO,OMA,MCO,13871,13204
PHX-ICT,PHX,ICT,14107,12278
RSW-DEN,RSW,DEN,14635,11292
DCA-RSW,DCA,RSW,11278,14635
FLL-MKE,FLL,MKE,11697,13342
JAN-MCO,JAN,MCO,12448,13204
JAX-DEN,JAX,DEN,12451,11292
LAS-LIT,LAS,LIT,12889,12992
PHX-SDF,PHX,SDF,14107,14730
RSW-SDF,RSW,SDF,14635,14730
SJU-STL,SJU,STL,14843,15016
STL-SJU,STL,SJU,15016,14843
BNA-SLC,BNA,SLC,10693,14869
MCI-SAT,MCI,SAT,13198,14683
MSY-RDU,MSY,RDU,13495,14492
RDU-MSY,RDU,MSY,14492,13495
MEM-DFW,MEM,DFW,13244,11298
GSO-CLT,GSO,CLT,11995,11057
PHX-EWR,PHX,EWR,14107,11618
SAN-ORD,SAN,ORD,14679,13930
MIA-SEA,MIA,SEA,13303,14747
ORD-SFO,ORD,SFO,13930,14771
JAX-DCA,JAX,DCA,12451,11278
CLT-IND,CLT,IND,11057,12339
OMA-DFW,OMA,DFW,13871,11298
BOS-AUS,BOS,AUS,10721,10423
DFW-MGM,DFW,MGM,11298,13277
HOU-DFW,HOU,DFW,12191,11298
DFW-COU,DFW,COU,11298,11111
AUS-MEM,AUS,MEM,10423,13244
HHH-CLT,HHH,CLT,12124,11057
DFW-CLL,DFW,CLL,11298,11049
DFW-PIA,DFW,PIA,11298,14108
PHX-GJT,PHX,GJT,14107,11921
MSP-DCA,MSP,DCA,13487,11278
DFW-LCH,DFW,LCH,11298,12915
LCH-DFW,LCH,DFW,12915,11298
CLT-BHM,CLT,BHM,11057,10599
PHX-FSD,PHX,FSD,14107,11775
OKC-MIA,OKC,MIA,13851,13303
BZN-DFW,BZN,DFW,10849,11298
AGS-DCA,AGS,DCA,10208,11278
JFK-CLE,JFK,CLE,12478,11042
RDU-JFK,RDU,JFK,14492,12478
JFK-MSP,JFK,MSP,12478,13487
JFK-ORF,JFK,ORF,12478,13931
LGA-MSN,LGA,MSN,12953,13485
MSP-DLH,MSP,DLH,13487,11337
MSP-IND,MSP,IND,13487,12339
LGA-BTV,LGA,BTV,12953,10785
ATL-EYW,ATL,EYW,10397,11624
IAH-ATL,IAH,ATL,12266,10397
AGS-PHL,AGS,PHL,10208,14100
MHT-DCA,MHT,DCA,13296,11278
DCA-JAN,DCA,JAN,11278,12448
DCA-CAE,DCA,CAE,11278,10868
IAD-CLT,IAD,CLT,12264,11057
CLT-CHS,CLT,CHS,11057,10994
CLT-ROC,CLT,ROC,11057,14576
CLT-BTV,CLT,BTV,11057,10785
DCA-DSM,DCA,DSM,11278,11423
CLT-SHV,CLT,SHV,11057,14814
DCA-IND,DCA,IND,11278,12339
EWR-STL,EWR,STL,11618,15016
ATL-ABE,ATL,ABE,10397,10135
ATL-MYR,ATL,MYR,10397,13577
DFW-HNL,DFW,HNL,11298,12173
SFO-JFK,SFO,JFK,14771,12478
OGG-DFW,OGG,DFW,13830,11298
SDF-LAX,SDF,LAX,14730,12892
DFW-SYR,DFW,SYR,11298,15096
DCA-LGA,DCA,LGA,11278,12953
RDU-LAX,RDU,LAX,14492,12892
DFW-ECP,DFW,ECP,11298,11481
DFW-MDT,DFW,MDT,11298,13230
SMF-DFW,SMF,DFW,14893,11298
PHL-LAS,PHL,LAS,14100,12889
MFE-DFW,MFE,DFW,13256,11298
SDF-PHL,SDF,PHL,14730,14100
PBI-PHL,PBI,PHL,14027,14100
MIA-SAN,MIA,SAN,13303,14679
MKE-DFW,MKE,DFW,13342,11298
BUR-DFW,BUR,DFW,10800,11298
ORD-COS,ORD,COS,13930,11109
LAX-SAN,LAX,SAN,12892,14679
ROC-EWR,ROC,EWR,14576,11618
XNA-DEN,XNA,DEN,15919,11292
IAH-XNA,IAH,XNA,12266,15919
CMH-EWR,CMH,EWR,11066,11618
IND-MCI,IND,MCI,12339,13198
OGG-LGB,OGG,LGB,13830,12954
PDX-BUR,PDX,BUR,14057,10800
BNA-SMF,BNA,SMF,10693,14893
DAL-MSP,DAL,MSP,11259,13487
DAL-SEA,DAL,SEA,11259,14747
ECP-BWI,ECP,BWI,11481,10821
EUG-SAN,EUG,SAN,11603,14679
MYR-DEN,MYR,DEN,13577,11292
OMA-TPA,OMA,TPA,13871,15304
ORF-DAL,ORF,DAL,13931,11259
STL-PDX,STL,PDX,15016,14057
TPA-OMA,TPA,OMA,15304,13871
LAS-RDU,LAS,RDU,12889,14492
DSM-PHX,DSM,PHX,11423,14107
SBN-LAX,SBN,LAX,14696,12892
BUF-DFW,BUF,DFW,10792,11298
DFW-BUF,DFW,BUF,11298,10792
BGR-CLT,BGR,CLT,10581,11057
MSP-PHL,MSP,PHL,13487,14100
PDX-PHL,PDX,PHL,14057,14100
PHX-MSN,PHX,MSN,14107,13485
JFK-BQN,JFK,BQN,12478,10732
JFK-SMF,JFK,SMF,12478,14893
BQN-JFK,BQN,JFK,10732,12478
PBI-BDL,PBI,BDL,14027,10529
HPN-ACK,HPN,ACK,12197,10154
HNL-JFK,HNL,JFK,12173,12478
FAR-MSP,FAR,MSP,11637,13487
LAX-DTW,LAX,DTW,12892,11433
MCI-MSP,MCI,MSP,13198,13487
DTW-SFO,DTW,SFO,11433,14771
JAC-ATL,JAC,ATL,12441,10397
DTW-SAN,DTW,SAN,11433,14679
CVG-LAX,CVG,LAX,11193,12892
SFO-DTW,SFO,DTW,14771,11433
PDX-ATL,PDX,ATL,14057,10397
ATL-JAC,ATL,JAC,10397,12441
BHM-ATL,BHM,ATL,10599,10397
CVG-TPA,CVG,TPA,11193,15304
ATL-SAV,ATL,SAV,10397,14685
PVD-MSP,PVD,MSP,14307,13487
SLC-IAD,SLC,IAD,14869,12264
MSP-PDX,MSP,PDX,13487,14057
ATL-ALB,ATL,ALB,10397,10257
MSP-SAN,MSP,SAN,13487,14679
SLC-SAT,SLC,SAT,14869,14683
MSP-MCO,MSP,MCO,13487,13204
MCO-MSP,MCO,MSP,13204,13487
RNO-SLC,RNO,SLC,14570,14869
ATL-COS,ATL,COS,10397,11109
VPS-ATL,VPS,ATL,15624,10397
MSY-SLC,MSY,SLC,13495,14869
DSM-ATL,DSM,ATL,11423,10397
JAC-SLC,JAC,SLC,12441,14869
CID-ATL,CID,ATL,11003,10397
ATL-ORF,ATL,ORF,10397,13931
MSP-PBI,MSP,PBI,13487,14027
MSP-RSW,MSP,RSW,13487,14635
MTJ-EWR,MTJ,EWR,13502,11618
SJU-DEN,SJU,DEN,14843,11292
IAH-PSP,IAH,PSP,12266,14262
GSP-EWR,GSP,EWR,11996,11618
EGE-EWR,EGE,EWR,11503,11618
IAH-BZN,IAH,BZN,12266,10849
PIT-IAD,PIT,IAD,14122,12264
IAD-HDN,IAD,HDN,12264,12094
PSP-ATL,PSP,ATL,14262,10397
MSP-HDN,MSP,HDN,13487,12094
SRQ-DTW,SRQ,DTW,14986,11433
SLC-PHL,SLC,PHL,14869,14100
MSP-MSY,MSP,MSY,13487,13495
AUS-DTW,AUS,DTW,10423,11433
COS-ATL,COS,ATL,11109,10397
BZN-MSP,BZN,MSP,10849,13487
ATL-ELP,ATL,ELP,10397,11540
MSP-SJC,MSP,SJC,13487,14831
BUF-MSP,BUF,MSP,10792,13487
ABQ-LGB,ABQ,LGB,10140,12954
COS-LGB,COS,LGB,11109,12954
OAK-BWI,OAK,BWI,13796,10821
LIT-HOU,LIT,HOU,12992,12191
PDX-LGB,PDX,LGB,14057,12954
LGA-CMH,LGA,CMH,12953,11066
PHL-SRQ,PHL,SRQ,14100,14986
SRQ-PHL,SRQ,PHL,14986,14100
LGA-SDF,LGA,SDF,12953,14730
EYW-PHL,EYW,PHL,11624,14100
DCA-LEX,DCA,LEX,11278,12945
LEX-DCA,LEX,DCA,12945,11278
CID-MSP,CID,MSP,11003,13487
MLI-ATL,MLI,ATL,13367,10397
ATL-MLI,ATL,MLI,10397,13367
AGS-DTW,AGS,DTW,10208,11433
JFK-EGE,JFK,EGE,12478,11503
JAX-PHX,JAX,PHX,12451,14107
PDX-MIA,PDX,MIA,14057,13303
JFK-STT,JFK,STT,12478,15024
RDM-DFW,RDM,DFW,14489,11298
TYS-DEN,TYS,DEN,15412,11292
BZN-SAN,BZN,SAN,10849,14679
SFO-FCA,SFO,FCA,14771,11648
GSP-DEN,GSP,DEN,11996,11292
DFW-TYR,DFW,TYR,11298,15411
PDX-GEG,PDX,GEG,14057,11884
FAI-DEN,FAI,DEN,11630,11292
BNA-BUF,BNA,BUF,10693,10792
BNA-CVG,BNA,CVG,10693,11193
BNA-RIC,BNA,RIC,10693,14524
BWI-COS,BWI,COS,10821,11109
COS-BWI,COS,BWI,11109,10821
STL-BUR,STL,BUR,15016,10800
FWA-LAS,FWA,LAS,11823,12889
FLL-CAK,FLL,CAK,11697,10874
FNT-VPS,FNT,VPS,11721,15624
PBI-DEN,PBI,DEN,14027,11292
PHX-BHM,PHX,BHM,14107,10599
PVD-DEN,PVD,DEN,14307,11292
BNA-PBI,BNA,PBI,10693,14027
SMF-KOA,SMF,KOA,14893,12758
SAV-STL,SAV,STL,14685,15016
IAD-SDF,IAD,SDF,12264,14730
EWR-ILM,EWR,ILM,11618,12323
SDF-IAD,SDF,IAD,14730,12264
EWR-HHH,EWR,HHH,11618,12124
IAD-SYR,IAD,SYR,12264,15096
ALB-EWR,ALB,EWR,10257,11618
HNL-BOS,HNL,BOS,12173,10721
JAN-BNA,JAN,BNA,12448,10693
PWM-BNA,PWM,BNA,14321,10693
HHH-LGA,HHH,LGA,12124,12953
GSO-EWR,GSO,EWR,11995,11618
LAX-CMH,LAX,CMH,12892,11066
PIT-LAX,PIT,LAX,14122,12892
ABQ-IAD,ABQ,IAD,10140,12264
BOS-DAL,BOS,DAL,10721,11259
ONT-BWI,ONT,BWI,13891,10821
BOI-DAL,BOI,DAL,10713,11259
MCI-JAX,MCI,JAX,13198,12451
DCA-HYA,DCA,HYA,11278,12250
MYR-BOS,MYR,BOS,13577,10721
PHL-TVC,PHL,TVC,14100,15380
BOS-HHH,BOS,HHH,10721,12124
PVD-IAD,PVD,IAD,14307,12264
ATL-STT,ATL,STT,10397,15024
PVD-SJU,PVD,SJU,14307,14843
JFK-PVD,JFK,PVD,12478,14307
IAD-VPS,IAD,VPS,12264,15624
SFB-IAG,SFB,IAG,14761,12265
PDX-FNT,PDX,FNT,14057,11721
IAD-TYS,IAD,TYS,12264,15412
HNL-PPG,HNL,PPG,12173,14222
OGG-ITO,OGG,ITO,13830,12402
LIH-KOA,LIH,KOA,12982,12758
LGA-JAC,LGA,JAC,12953,12441
JAC-LGA,JAC,LGA,12441,12953
PDX-RNO,PDX,RNO,14057,14570
KOA-ANC,KOA,ANC,12758,10299
BDL-RDU,BDL,RDU,10529,14492
MCO-TTN,MCO,TTN,13204,15356
ISP-MYR,ISP,MYR,12391,13577
TPA-TTN,TPA,TTN,15304,15356
CLE-SJU,CLE,SJU,11042,14843
JAX-SJU,JAX,SJU,12451,14843
MYR-BLV,MYR,BLV,13577,10676
CHS-PIT,CHS,PIT,10994,14122
SFB-SHV,SFB,SHV,14761,14814
VPS-ICT,VPS,ICT,15624,12278
CVG-PVD,CVG,PVD,11193,14307
ORF-CVG,ORF,CVG,13931,11193
LIT-PIE,LIT,PIE,12992,14112
VPS-OKC,VPS,OKC,15624,13851
SNA-GEG,SNA,GEG,14908,11884
FSD-AUS,FSD,AUS,11775,10423
BLV-MYR,BLV,MYR,10676,13577
LAX-GJT,LAX,GJT,12892,11921
MYR-CKB,MYR,CKB,13577,11027
FSD-SAN,FSD,SAN,11775,14679
LAX-GRR,LAX,GRR,12892,11986
PIE-LIT,PIE,LIT,14112,12992
LIT-LAX,LIT,LAX,12992,12892
GTF-SEA,GTF,SEA,12003,14747
CNY-SLC,CNY,SLC,11092,14869
DEN-VEL,DEN,VEL,11292,15582
SLN-HYS,SLN,HYS,14877,12255
CNY-DEN,CNY,DEN,11092,11292
MSP-PGD,MSP,PGD,13487,14082
TOL-AZA,TOL,AZA,15295,10466
FSD-FLL,FSD,FLL,11775,11697
FLL-HTS,FLL,HTS,11697,12223
TPA-PDX,TPA,PDX,15304,14057
MSY-PDX,MSY,PDX,13495,14057
ATL-STX,ATL,STX,10397,15027
MSP-PWM,MSP,PWM,13487,14321
XNA-BHM,XNA,BHM,15919,10599
DFW-OAK,DFW,OAK,11298,13796
BDL-MYR,BDL,MYR,10529,13577
ACY-TPA,ACY,TPA,10158,15304
FLL-MYR,FLL,MYR,11697,13577
LAS-RIC,LAS,RIC,12889,14524
CHS-LAS,CHS,LAS,10994,12889
FLL-STX,FLL,STX,11697,15027
BIH-DEN,BIH,DEN,10617,11292
MTJ-SFO,MTJ,SFO,13502,14771
ISP-RSW,ISP,RSW,12391,14635
FSD-STC,FSD,STC,11775,15008
MLU-DFW,MLU,DFW,13377,11298
PGD-BWI,PGD,BWI,14082,10821
FLL-FNT,FLL,FNT,11697,11721
CHS-RSW,CHS,RSW,10994,14635
MDT-EWR,MDT,EWR,13230,11618
PDX-STS,PDX,STS,14057,15023
CRP-DAL,CRP,DAL,11140,11259
ORD-MHT,ORD,MHT,13930,13296
ATW-LAX,ATW,LAX,10408,12892
PDX-TUS,PDX,TUS,14057,15376
TUS-PDX,TUS,PDX,15376,14057
LAX-SGU,LAX,SGU,12892,14794
SGF-IAH,SGF,IAH,14783,12266
ATL-BUR,ATL,BUR,10397,10800
BUR-ATL,BUR,ATL,10800,10397
MDT-MIA,MDT,MIA,13230,13303
FLL-BHM,FLL,BHM,11697,10599
PHL-XNA,PHL,XNA,14100,15919
FAI-SLC,FAI,SLC,11630,14869
CHA-EWR,CHA,EWR,10980,11618
SJU-SAT,SJU,SAT,14843,14683
CAE-FLL,CAE,FLL,10868,11697
AUS-CLE,AUS,CLE,10423,11042
BTV-MCO,BTV,MCO,10785,13204
AUS-LEX,AUS,LEX,10423,12945
CLD-PHX,CLD,PHX,11041,14107
BIS-ORD,BIS,ORD,10627,13930
DEN-FMN,DEN,FMN,11292,11711
MGW-ORD,MGW,ORD,13282,13930
ORD-MGW,ORD,MGW,13930,13282
BUR-PSC,BUR,PSC,10800,14252
RDM-BUR,RDM,BUR,14489,10800
MFR-PDX,MFR,PDX,13264,14057
SLC-GJT,SLC,GJT,14869,11921
FCA-SEA,FCA,SEA,11648,14747
PWM-MIA,PWM,MIA,14321,13303
AVP-EWR,AVP,EWR,10434,11618
BNA-ROA,BNA,ROA,10693,14574
FLL-BGR,FLL,BGR,11697,10581
PLN-APN,PLN,APN,14150,10333
ERI-ORD,ERI,ORD,11577,13930
MEI-PIB,MEI,PIB,13241,14109
SLC-CLE,SLC,CLE,14869,11042
RDU-MKE,RDU,MKE,14492,13342
ATL-ISP,ATL,ISP,10397,12391
CLE-PNS,CLE,PNS,11042,14193
LAX-LRD,LAX,LRD,12892,13061
EYW-BNA,EYW,BNA,11624,10693
OKC-TPA,OKC,TPA,13851,15304
PVD-SRQ,PVD,SRQ,14307,14986
DCA-SBN,DCA,SBN,11278,14696
GJT-ASE,GJT,ASE,11921,10372
SLC-IND,SLC,IND,14869,12339
BHM-OKC,BHM,OKC,10599,13851
OAK-IAH,OAK,IAH,13796,12266
BTR-OKC,BTR,OKC,10781,13851
BTV-TPA,BTV,TPA,10785,15304
PWM-IAH,PWM,IAH,14321,12266
IAH-SAF,IAH,SAF,12266,14674
EUG-MSN,EUG,MSN,11603,13485
ATW-RSW,ATW,RSW,10408,14635
BNA-GNV,BNA,GNV,10693,11953
MIA-SGF,MIA,SGF,13303,14783
FLL-EYW,FLL,EYW,11697,11624
SDF-BNA,SDF,BNA,14730,10693
MCO-PBI,MCO,PBI,13204,14027
PBI-MCO,PBI,MCO,14027,13204
SAN-OMA,SAN,OMA,14679,13871
RDU-ISP,RDU,ISP,14492,12391
CID-SCE,CID,SCE,11003,14711
ONT-ELP,ONT,ELP,13891,11540
ELP-ONT,ELP,ONT,11540,13891
STX-MCO,STX,MCO,15027,13204
DAL-DTW,DAL,DTW,11259,11433
TYS-CMH,TYS,CMH,15412,11066
GSP-AUS,GSP,AUS,11996,10423
SDF-PIT,SDF,PIT,14730,14122
GJT-ATL,GJT,ATL,11921,10397
JFK-STL,JFK,STL,12478,15016
MEM-JFK,MEM,JFK,13244,12478
STL-IAD,STL,IAD,15016,12264
SRQ-MLI,SRQ,MLI,14986,13367
BTR-XNA,BTR,XNA,10781,15919
OTZ-OME,OTZ,OME,13970,13873
LGA-DAB,LGA,DAB,12953,11252
SLC-SDF,SLC,SDF,14869,14730
BZN-LGA,BZN,LGA,10849,12953
DTW-OKC,DTW,OKC,11433,13851
EUG-MDT,EUG,MDT,11603,13230
SNA-FSD,SNA,FSD,14908,11775
PHX-MFE,PHX,MFE,14107,13256
ATL-FAR,ATL,FAR,10397,11637
PHL-GRB,PHL,GRB,14100,11977
BOS-DAB,BOS,DAB,10721,11252
JFK-VRB,JFK,VRB,12478,15628
STT-BOS,STT,BOS,15024,10721
DFW-CSG,DFW,CSG,11298,11150
HSV-IAH,HSV,IAH,12217,12266
LAX-COS,LAX,COS,12892,11109
AGS-PBI,AGS,PBI,10208,14027
MSN-HSV,MSN,HSV,13485,12217
GRB-LAX,GRB,LAX,11977,12892
ISP-BOS,ISP,BOS,12391,10721
EUG-OKC,EUG,OKC,11603,13851
SFB-ACY,SFB,ACY,14761,10158
JFK-DAB,JFK,DAB,12478,11252
EGE-CLT,EGE,CLT,11503,11057
LAX-JAX,LAX,JAX,12892,12451
SEA-MDT,SEA,MDT,14747,13230
EGE-IAD,EGE,IAD,11503,12264
ORD-TVC,ORD,TVC,13930,15380
TUS-PHX,TUS,PHX,15376,14107
ATL-MIA,ATL,MIA,10397,13303
CVG-DCA,CVG,DCA,11193,11278
DFW-GRK,DFW,GRK,11298,11982
HRL-DFW,HRL,DFW,12206,11298
MLI-DFW,MLI,DFW,13367,11298
GSO-ORD,GSO,ORD,11995,13930
MIA-CHS,MIA,CHS,13303,10994
BHM-MIA,BHM,MIA,10599,13303
ABI-DFW,ABI,DFW,10136,11298
ORD-GSO,ORD,GSO,13930,11995
GNV-MIA,GNV,MIA,11953,13303
BWI-ORD,BWI,ORD,10821,13930
MIA-CVG,MIA,CVG,13303,11193
ABQ-AUS,ABQ,AUS,10140,10423
BRO-DFW,BRO,DFW,10747,11298
ORD-AZO,ORD,AZO,13930,10469
CRP-DFW,CRP,DFW,11140,11298
MQT-ORD,MQT,ORD,13459,13930
MIA-IND,MIA,IND,13303,12339
ORD-HSV,ORD,HSV,13930,12217
ICT-DFW,ICT,DFW,12278,11298
SGF-DFW,SGF,DFW,14783,11298
XNA-CLT,XNA,CLT,15919,11057
CID-ORD,CID,ORD,11003,13930
ORD-CID,ORD,CID,13930,11003
BDL-ORD,BDL,ORD,10529,13930
DFW-LBB,DFW,LBB,11298,12896
DTW-ORD,DTW,ORD,11433,13930
AVP-ORD,AVP,ORD,10434,13930
LIT-MIA,LIT,MIA,12992,13303
MIA-LIT,MIA,LIT,13303,12992
CLT-SGF,CLT,SGF,11057,14783
DFW-CHA,DFW,CHA,11298,10980
AUS-STL,AUS,STL,10423,15016
ORD-FLL,ORD,FLL,13930,11697
MSP-ATL,MSP,ATL,13487,10397
MYR-EWR,MYR,EWR,13577,11618
EWR-LAX,EWR,LAX,11618,12892
LAX-EWR,LAX,EWR,12892,11618
LAS-LAX,LAS,LAX,12889,12892
MCO-BOS,MCO,BOS,13204,10721
IAH-MSY,IAH,MSY,12266,13495
CLE-ATL,CLE,ATL,11042,10397
CLT-MCO,CLT,MCO,11057,13204
ACY-MCO,ACY,MCO,10158,13204
CLT-MIA,CLT,MIA,11057,13303
STL-MCO,STL,MCO,15016,13204
LAS-AUS,LAS,AUS,12889,10423
MCO-LAS,MCO,LAS,13204,12889
AUS-LAS,AUS,LAS,10423,12889
RSW-DTW,RSW,DTW,14635,11433
DTW-MCO,DTW,MCO,11433,13204
FLL-EWR,FLL,EWR,11697,11618
BOS-ATL,BOS,ATL,10721,10397
DTW-LGA,DTW,LGA,11433,12953
RSW-PIT,RSW,PIT,14635,14122
FLL-DTW,FLL,DTW,11697,11433
SJU-FLL,SJU,FLL,14843,11697
LAS-ATL,LAS,ATL,12889,10397
BOS-TPA,BOS,TPA,10721,15304
FLL-PIT,FLL,PIT,11697,14122
FLL-CLE,FLL,CLE,11697,11042
DEN-DTW,DEN,DTW,11292,11433
DTW-BWI,DTW,BWI,11433,10821
PHL-DTW,PHL,DTW,14100,11433
SAT-MCO,SAT,MCO,14683,13204
ACY-FLL,ACY,FLL,10158,11697
FLL-RIC,FLL,RIC,11697,14524
SJU-ATL,SJU,ATL,14843,10397
CRW-MCO,CRW,MCO,11146,13204
BWI-IAH,BWI,IAH,10821,12266
LAX-DEN,LAX,DEN,12892,11292
MCO-AUS,MCO,AUS,13204,10423
MCO-FLL,MCO,FLL,13204,11697
FLL-DFW,FLL,DFW,11697,11298
DFW-PHX,DFW,PHX,11298,14107
MIA-SJU,MIA,SJU,13303,14843
SJU-TPA,SJU,TPA,14843,15304
MHT-MCO,MHT,MCO,13296,13204
DFW-BWI,DFW,BWI,11298,10821
PHL-BNA,PHL,BNA,14100,10693
DTW-MIA,DTW,MIA,11433,13303
MIA-PHL,MIA,PHL,13303,14100
PHL-MIA,PHL,MIA,14100,13303
SRQ-ATL,SRQ,ATL,14986,10397
STL-CLT,STL,CLT,15016,11057
TPA-HOU,TPA,HOU,15304,12191
TUS-LAS,TUS,LAS,15376,12889
ABQ-SAN,ABQ,SAN,10140,14679
ALB-MCO,ALB,MCO,10257,13204
ATL-JAN,ATL,JAN,10397,12448
ATL-SAT,ATL,SAT,10397,14683
AUS-CMH,AUS,CMH,10423,11066
AUS-LGB,AUS,LGB,10423,12954
BDL-BWI,BDL,BWI,10529,10821
BHM-MDW,BHM,MDW,10599,13232
BNA-CHS,BNA,CHS,10693,10994
BNA-HOU,BNA,HOU,10693,12191
BNA-MCI,BNA,MCI,10693,13198
BNA-MKE,BNA,MKE,10693,13342
BNA-MSP,BNA,MSP,10693,13487
BNA-PHX,BNA,PHX,10693,14107
BOS-DEN,BOS,DEN,10721,11292
BUF-MDW,BUF,MDW,10792,13232
BWI-CLT,BWI,CLT,10821,11057
BWI-DAL,BWI,DAL,10821,11259
BWI-MHT,BWI,MHT,10821,13296
BWI-ORF,BWI,ORF,10821,13931
BWI-PIT,BWI,PIT,10821,14122
BWI-RSW,BWI,RSW,10821,14635
BWI-SRQ,BWI,SRQ,10821,14986
BWI-STL,BWI,STL,10821,15016
BWI-SYR,BWI,SYR,10821,15096
CHS-BWI,CHS,BWI,10994,10821
CLE-BWI,CLE,BWI,11042,10821
CLE-STL,CLE,STL,11042,15016
CLT-STL,CLT,STL,11057,15016
CMH-HOU,CMH,HOU,11066,12191
CMH-MDW,CMH,MDW,11066,13232
COS-DEN,COS,DEN,11109,11292
DAL-HRL,DAL,HRL,11259,12206
DCA-OKC,DCA,OKC,11278,13851
DEN-BZN,DEN,BZN,11292,10849
DEN-LBB,DEN,LBB,11292,12896
DEN-OKC,DEN,OKC,11292,13851
DEN-TUL,DEN,TUL,11292,15370
ELP-DEN,ELP,DEN,11540,11292
EUG-OAK,EUG,OAK,11603,13796
GEG-LAS,GEG,LAS,11884,12889
HNL-SAN,HNL,SAN,12173,14679
HOU-DAL,HOU,DAL,12191,11259
HOU-JAX,HOU,JAX,12191,12451
HOU-LAS,HOU,LAS,12191,12889
HOU-LAX,HOU,LAX,12191,12892
HOU-MAF,HOU,MAF,12191,13158
HOU-OAK,HOU,OAK,12191,13796
HOU-PNS,HOU,PNS,12191,14193
HOU-SLC,HOU,SLC,12191,14869
HOU-SRQ,HOU,SRQ,12191,14986
HOU-STL,HOU,STL,12191,15016
HRL-HOU,HRL,HOU,12206,12191
IAD-ATL,IAD,ATL,12264,10397
ISP-BWI,ISP,BWI,12391,10821
LAS-ELP,LAS,ELP,12889,11540
LAS-EUG,LAS,EUG,12889,11603
LAS-LBB,LAS,LBB,12889,12896
LAS-LGB,LAS,LGB,12889,12954
LAS-LIH,LAS,LIH,12889,12982
LAS-OKC,LAS,OKC,12889,13851
LAS-TUL,LAS,TUL,12889,15370
LAX-MCI,LAX,MCI,12892,13198
LAX-OGG,LAX,OGG,12892,13830
LGA-HOU,LGA,HOU,12953,12191
LGB-LAS,LGB,LAS,12954,12889
LGB-MDW,LGB,MDW,12954,13232
LIH-LAS,LIH,LAS,12982,12889
MAF-AUS,MAF,AUS,13158,10423
MCI-BWI,MCI,BWI,13198,10821
MCI-MSY,MCI,MSY,13198,13495
MCO-HOU,MCO,HOU,13204,12191
MDW-ATL,MDW,ATL,13232,10397
MDW-CHS,MDW,CHS,13232,10994
MDW-CVG,MDW,CVG,13232,11193
MDW-JAX,MDW,JAX,13232,12451
MDW-OAK,MDW,OAK,13232,13796
MDW-ORF,MDW,ORF,13232,13931
MDW-PDX,MDW,PDX,13232,14057
MDW-SAT,MDW,SAT,13232,14683
MDW-SMF,MDW,SMF,13232,14893
MDW-STL,MDW,STL,13232,15016
MIA-HOU,MIA,HOU,13303,12191
MKE-ATL,MKE,ATL,13342,10397
MKE-BWI,MKE,BWI,13342,10821
MKE-DEN,MKE,DEN,13342,11292
MSP-AUS,MSP,AUS,13487,10423
MSY-BWI,MSY,BWI,13495,10821
MSY-MDW,MSY,MDW,13495,13232
OAK-AUS,OAK,AUS,13796,10423
OAK-BLI,OAK,BLI,13796,10666
OAK-HNL,OAK,HNL,13796,12173
OAK-LIH,OAK,LIH,13796,12982
OAK-MDW,OAK,MDW,13796,13232
OAK-SAN,OAK,SAN,13796,14679
OAK-SBA,OAK,SBA,13796,14689
OAK-SLC,OAK,SLC,13796,14869
OGG-OAK,OGG,OAK,13830,13796
OMA-ATL,OMA,ATL,13871,10397
OMA-MDW,OMA,MDW,13871,13232
ONT-MDW,ONT,MDW,13891,13232
ONT-PHX,ONT,PHX,13891,14107
PDX-MDW,PDX,MDW,14057,13232
PHX-ELP,PHX,ELP,14107,11540
PHX-HNL,PHX,HNL,14107,12173
PHX-IND,PHX,IND,14107,12339
PHX-LGB,PHX,LGB,14107,12954
PHX-MDW,PHX,MDW,14107,13232
PHX-MKE,PHX,MKE,14107,13342
PSP-PHX,PSP,PHX,14262,14107
PSP-SJC,PSP,SJC,14262,14831
PSP-SMF,PSP,SMF,14262,14893
PVD-BWI,PVD,BWI,14307,10821
PVD-DCA,PVD,DCA,14307,11278
PVD-MCO,PVD,MCO,14307,13204
PVD-MDW,PVD,MDW,14307,13232
RNO-LGB,RNO,LGB,14570,12954
RNO-PHX,RNO,PHX,14570,14107
RNO-SAN,RNO,SAN,14570,14679
SAN-OAK,SAN,OAK,14679,13796
SAT-ATL,SAT,ATL,14683,10397
SAV-MDW,SAV,MDW,14685,13232
SBA-OAK,SBA,OAK,14689,13796
SFO-PHX,SFO,PHX,14771,14107
SJC-AUS,SJC,AUS,14831,10423
SJC-BUR,SJC,BUR,14831,10800
SJC-DEN,SJC,DEN,14831,11292
SJC-SNA,SJC,SNA,14831,14908
SMF-HOU,SMF,HOU,14893,12191
SMF-LAX,SMF,LAX,14893,12892
SNA-BNA,SNA,BNA,14908,10693
PHL-ORD,PHL,ORD,14100,13930
MIA-STX,MIA,STX,13303,15027
CHS-PHL,CHS,PHL,10994,14100
DEN-DFW,DEN,DFW,11292,11298
CLT-DSM,CLT,DSM,11057,11423
PHL-RSW,PHL,RSW,14100,14635
DFW-DTW,DFW,DTW,11298,11433
MDT-CLT,MDT,CLT,13230,11057
CLT-MSN,CLT,MSN,11057,13485
CLT-LAX,CLT,LAX,11057,12892
MIA-PIT,MIA,PIT,13303,14122
PHL-AUS,PHL,AUS,14100,10423
MIA-MCI,MIA,MCI,13303,13198
AUS-BOS,AUS,BOS,10423,10721
DFW-CHS,DFW,CHS,11298,10994
DFW-CMH,DFW,CMH,11298,11066
CLT-IAH,CLT,IAH,11057,12266
AGS-CLT,AGS,CLT,10208,11057
PIT-CLT,PIT,CLT,14122,11057
CLT-PIT,CLT,PIT,11057,14122
PNS-DFW,PNS,DFW,14193,11298
ORD-EWR,ORD,EWR,13930,11618
ORF-DFW,ORF,DFW,13931,11298
DFW-PIT,DFW,PIT,11298,14122
PVD-LGA,PVD,LGA,14307,12953
MEM-LGA,MEM,LGA,13244,12953
DTW-EWR,DTW,EWR,11433,11618
LGA-SYR,LGA,SYR,12953,15096
ALB-DTW,ALB,DTW,10257,11433
DSM-MSP,DSM,MSP,11423,13487
MSP-DSM,MSP,DSM,13487,11423
JFK-IAD,JFK,IAD,12478,12264
DTW-MBS,DTW,MBS,11433,13184
MBS-DTW,MBS,DTW,13184,11433
DTW-DSM,DTW,DSM,11433,11423
LGA-BGR,LGA,BGR,12953,10581
ATL-EVV,ATL,EVV,10397,11612
EVV-ATL,EVV,ATL,11612,10397
EWR-CVG,EWR,CVG,11618,11193
ALB-LGA,ALB,LGA,10257,12953
ORF-JFK,ORF,JFK,13931,12478
TYS-LGA,TYS,LGA,15412,12953
LGA-ROC,LGA,ROC,12953,14576
JFK-CVG,JFK,CVG,12478,11193
RIC-DTW,RIC,DTW,14524,11433
CHO-ATL,CHO,ATL,10990,10397
LEX-DTW,LEX,DTW,12945,11433
LGA-ORF,LGA,ORF,12953,13931
SAV-JFK,SAV,JFK,14685,12478
SYR-DTW,SYR,DTW,15096,11433
JAX-JFK,JAX,JFK,12451,12478
JFK-JAX,JFK,JAX,12478,12451
SYR-JFK,SYR,JFK,15096,12478
DTW-TYS,DTW,TYS,11433,15412
CLT-ECP,CLT,ECP,11057,11481
CVG-PHL,CVG,PHL,11193,14100
MKE-PHL,MKE,PHL,13342,14100
JAN-CLT,JAN,CLT,12448,11057
DCA-GSP,DCA,GSP,11278,11996
CRW-DCA,CRW,DCA,11146,11278
DCA-SDF,DCA,SDF,11278,14730
DCA-AVL,DCA,AVL,11278,10431
IAD-ORD,IAD,ORD,12264,13930
IAD-SAN,IAD,SAN,12264,14679
EWR-PWM,EWR,PWM,11618,14321
EWR-SFO,EWR,SFO,11618,14771
IAD-ORF,IAD,ORF,12264,13931
KOA-LAX,KOA,LAX,12758,12892
DEN-FSD,DEN,FSD,11292,11775
DEN-MSO,DEN,MSO,11292,13486
CLE-IAD,CLE,IAD,11042,12264
SFO-HNL,SFO,HNL,14771,12173
CMH-SFO,CMH,SFO,11066,14771
BNA-SFO,BNA,SFO,10693,14771
ORD-ABQ,ORD,ABQ,13930,10140
DEN-BIL,DEN,BIL,11292,10620
BIL-DEN,BIL,DEN,10620,11292
KOA-SFO,KOA,SFO,12758,14771
SFO-IAH,SFO,IAH,14771,12266
SAT-IAH,SAT,IAH,14683,12266
EWR-SAT,EWR,SAT,11618,14683
SAN-IAD,SAN,IAD,14679,12264
DEN-DRO,DEN,DRO,11292,11413
SFO-BOI,SFO,BOI,14771,10713
DCA-SFO,DCA,SFO,11278,14771
BOS-IAH,BOS,IAH,10721,12266
IAD-MCO,IAD,MCO,12264,13204
ORD-IAD,ORD,IAD,13930,12264
HNL-IAH,HNL,IAH,12173,12266
ORD-HNL,ORD,HNL,13930,12173
IAH-TUL,IAH,TUL,12266,15370
SFO-FLL,SFO,FLL,14771,11697
BNA-IAD,BNA,IAD,10693,12264
IAH-OMA,IAH,OMA,12266,13871
OMA-IAH,OMA,IAH,13871,12266
MSY-SFO,MSY,SFO,13495,14771
PNS-IAH,PNS,IAH,14193,12266
PIT-SFO,PIT,SFO,14122,14771
MEM-EWR,MEM,EWR,13244,11618
LAS-IAD,LAS,IAD,12889,12264
MSN-DEN,MSN,DEN,13485,11292
SMF-EWR,SMF,EWR,14893,11618
MIA-IAD,MIA,IAD,13303,12264
SRQ-ORD,SRQ,ORD,14986,13930
IAH-STL,IAH,STL,12266,15016
IAH-SMF,IAH,SMF,12266,14893
STT-IAH,STT,IAH,15024,12266
SAV-ORD,SAV,ORD,14685,13930
DEN-RAP,DEN,RAP,11292,14457
JAC-DEN,JAC,DEN,12441,11292
CLE-SFO,CLE,SFO,11042,14771
DEN-GTF,DEN,GTF,11292,12003
SFO-IND,SFO,IND,14771,12339
IAH-MKE,IAH,MKE,12266,13342
ANC-JNU,ANC,JNU,10299,12523
JNU-PSG,JNU,PSG,12523,14256
SEA-KTN,SEA,KTN,14747,12819
YAK-JNU,YAK,JNU,15991,12523
ANC-PHX,ANC,PHX,10299,14107
SEA-FAI,SEA,FAI,14747,11630
OME-OTZ,OME,OTZ,13873,13970
MCO-PDX,MCO,PDX,13204,14057
DTW-SEA,DTW,SEA,11433,14747
BOS-SEA,BOS,SEA,10721,14747
SEA-AUS,SEA,AUS,14747,10423
PDX-BOS,PDX,BOS,14057,10721
SAN-BOS,SAN,BOS,14679,10721
SEA-ELP,SEA,ELP,14747,11540
SEA-CMH,SEA,CMH,14747,11066
SEA-MSY,SEA,MSY,14747,13495
SEA-IND,SEA,IND,14747,12339
PDX-AUS,PDX,AUS,14057,10423
SEA-SLC,SEA,SLC,14747,14869
HNL-SEA,HNL,SEA,12173,14747
SEA-HNL,SEA,HNL,14747,12173
LIH-SAN,LIH,SAN,12982,14679
KOA-PDX,KOA,PDX,12758,14057
KOA-SAN,KOA,SAN,12758,14679
OGG-PDX,OGG,PDX,13830,14057
BOI-SEA,BOI,SEA,10713,14747
GEG-SEA,GEG,SEA,11884,14747
SEA-BUR,SEA,BUR,14747,10800
SEA-FAT,SEA,FAT,14747,11638
SEA-SAN,SEA,SAN,14747,14679
STS-SEA,STS,SEA,15023,14747
SAN-PDX,SAN,PDX,14679,14057
GEG-LAX,GEG,LAX,11884,12892
LAX-GEG,LAX,GEG,12892,11884
STT-SJU,STT,SJU,15024,14843
LAS-BOS,LAS,BOS,12889,10721
JFK-LAS,JFK,LAS,12478,12889
HPN-FLL,HPN,FLL,12197,11697
ATL-JFK,ATL,JFK,10397,12478
LGA-PBI,LGA,PBI,12953,14027
ORH-MCO,ORH,MCO,13933,13204
BDL-SJU,BDL,SJU,10529,14843
HPN-TPA,HPN,TPA,12197,15304
HPN-MCO,HPN,MCO,12197,13204
FLL-SLC,FLL,SLC,11697,14869
BOS-SAV,BOS,SAV,10721,14685
DCA-ACK,DCA,ACK,11278,10154
JFK-PSP,JFK,PSP,12478,14262
DTW-IMT,DTW,IMT,11433,12335
MSP-MOT,MSP,MOT,13487,13433
CIU-DTW,CIU,DTW,11013,11433
SLC-TUS,SLC,TUS,14869,15376
SLC-SUN,SLC,SUN,14869,15041
MSP-RAP,MSP,RAP,13487,14457
MSP-XWA,MSP,XWA,13487,16869
IMT-DTW,IMT,DTW,12335,11433
LWS-SLC,LWS,SLC,13127,14869
SDF-MSP,SDF,MSP,14730,13487
SLC-OKC,SLC,OKC,14869,13851
STS-SAN,STS,SAN,15023,14679
SLC-EUG,SLC,EUG,14869,11603
BUR-BOI,BUR,BOI,10800,10713
MRY-SAN,MRY,SAN,13476,14679
GTF-SLC,GTF,SLC,12003,14869
CPR-SLC,CPR,SLC,11122,14869
EUG-LAX,EUG,LAX,11603,12892
STS-LAX,STS,LAX,15023,12892
DEN-ACV,DEN,ACV,11292,10157
ASE-DEN,ASE,DEN,10372,11292
BIS-DEN,BIS,DEN,10627,11292
HLN-SLC,HLN,SLC,12156,14869
DFW-YUM,DFW,YUM,11298,16218
DFW-SBN,DFW,SBN,11298,14696
SGU-PHX,SGU,PHX,14794,14107
DEN-CYS,DEN,CYS,11292,11233
SHR-DEN,SHR,DEN,14812,11292
DEN-LWS,DEN,LWS,11292,13127
DEN-SGU,DEN,SGU,11292,14794
ICT-IAH,ICT,IAH,12278,12266
DEN-JMS,DEN,JMS,11292,12519
SGU-DFW,SGU,DFW,14794,11298
DEN-HOB,DEN,HOB,11292,12177
DEN-HLN,DEN,HLN,11292,12156
DEN-DVL,DEN,DVL,11292,11447
SLN-DEN,SLN,DEN,14877,11292
BTR-IAH,BTR,IAH,10781,12266
TWF-SLC,TWF,SLC,15389,14869
BGR-ORD,BGR,ORD,10581,13930
DEN-HSV,DEN,HSV,11292,12217
ORD-ROA,ORD,ROA,13930,14574
SBN-DTW,SBN,DTW,14696,11433
IAH-BHM,IAH,BHM,12266,10599
AZA-FSD,AZA,FSD,10466,11775
FLL-AVL,FLL,AVL,11697,10431
LAS-LEX,LAS,LEX,12889,12945
IAG-PGD,IAG,PGD,12265,14082
TYS-MDW,TYS,MDW,15412,13232
BGR-SFB,BGR,SFB,10581,14761
PIE-HTS,PIE,HTS,14112,12223
PIE-ATW,PIE,ATW,14112,10408
AZA-BZN,AZA,BZN,10466,10849
TOL-SFB,TOL,SFB,15295,14761
AZA-PSC,AZA,PSC,10466,14252
AVL-HOU,AVL,HOU,10431,12191
EUG-AZA,EUG,AZA,11603,10466
EYW-IND,EYW,IND,11624,12339
PIE-EVV,PIE,EVV,14112,11612
MRY-LAS,MRY,LAS,13476,12889
MSY-CVG,MSY,CVG,13495,11193
FLL-TYS,FLL,TYS,11697,15412
MSO-LAS,MSO,LAS,13486,12889
PIE-RFD,PIE,RFD,14112,14512
PGD-SBN,PGD,SBN,14082,14696
SYR-FLL,SYR,FLL,15096,11697
FWA-PIE,FWA,PIE,11823,14112
PIA-LAS,PIA,LAS,14108,12889
MLB-ABE,MLB,ABE,13360,10135
PIA-DEN,PIA,DEN,14108,11292
AVL-PIE,AVL,PIE,10431,14112
SFB-RFD,SFB,RFD,14761,14512
AVL-MDW,AVL,MDW,10431,13232
PIE-TYS,PIE,TYS,14112,15412
BWI-AVL,BWI,AVL,10821,10431
TYS-MCO,TYS,MCO,15412,13204
SFB-CHA,SFB,CHA,14761,10980
DEN-PIA,DEN,PIA,11292,14108
PDX-IDA,PDX,IDA,14057,12280
LAS-MLI,LAS,MLI,12889,13367
AZA-RFD,AZA,RFD,10466,14512
LEX-PGD,LEX,PGD,12945,14082
BNA-FNT,BNA,FNT,10693,11721
FLL-SYR,FLL,SYR,11697,15096
MSO-AZA,MSO,AZA,13486,10466
AZA-DSM,AZA,DSM,10466,11423
PGD-ABE,PGD,ABE,14082,10135
PVU-LAS,PVU,LAS,14314,12889
ATW-SFB,ATW,SFB,10408,14761
PBI-PIT,PBI,PIT,14027,14122
FAR-AZA,FAR,AZA,11637,10466
HGR-SFB,HGR,SFB,12119,14761
PIE-PIA,PIE,PIA,14112,14108
FLL-SWF,FLL,SWF,11697,15070
VPS-MDW,VPS,MDW,15624,13232
IND-SFB,IND,SFB,12339,14761
ATW-BNA,ATW,BNA,10408,10693
PGD-SGF,PGD,SGF,14082,14783
BMI-PIE,BMI,PIE,10685,14112
LAX-SGF,LAX,SGF,12892,14783
SGF-AZA,SGF,AZA,14783,10466
AZA-ICT,AZA,ICT,10466,12278
AZA-GTF,AZA,GTF,10466,12003
USA-PGD,USA,PGD,12544,14082
LAS-PSC,LAS,PSC,12889,14252
SRQ-PBG,SRQ,PBG,14986,14025
BOS-AVL,BOS,AVL,10721,10431
CVG-PGD,CVG,PGD,11193,14082
PIE-DSM,PIE,DSM,14112,11423
SAV-LCK,SAV,LCK,14685,12917
FSD-SFB,FSD,SFB,11775,14761
MYR-ALB,MYR,ALB,13577,10257
FLL-GSP,FLL,GSP,11697,11996
PIE-FAR,PIE,FAR,14112,11637
MFR-LAS,MFR,LAS,13264,12889
GEG-AZA,GEG,AZA,11884,10466
SFB-SDF,SFB,SDF,14761,14730
PGD-USA,PGD,USA,14082,12544
PIE-DAY,PIE,DAY,14112,11267
DSM-AUS,DSM,AUS,11423,10423
PGD-IND,PGD,IND,14082,12339
SFB-BIS,SFB,BIS,14761,10627
PGD-FSD,PGD,FSD,14082,11775
SRQ-FNT,SRQ,FNT,14986,11721
TYS-JAX,TYS,JAX,15412,12451
LCK-SFB,LCK,SFB,12917,14761
SGF-LAX,SGF,LAX,14783,12892
LAS-CID,LAS,CID,12889,11003
LCK-FLL,LCK,FLL,12917,11697
MDT-MYR,MDT,MYR,13230,13577
SRQ-GSP,SRQ,GSP,14986,11996
LCK-VPS,LCK,VPS,12917,15624
CAE-SFB,CAE,SFB,10868,14761
TYS-SRQ,TYS,SRQ,15412,14986
RFD-BNA,RFD,BNA,14512,10693
DSM-JAX,DSM,JAX,11423,12451
MIA-MSN,MIA,MSN,13303,13485
TUL-PHX,TUL,PHX,15370,14107
AUS-ORD,AUS,ORD,10423,13930
AUS-IND,AUS,IND,10423,12339
BOS-SJU,BOS,SJU,10721,14843
PHL-DFW,PHL,DFW,14100,11298
LAX-SLC,LAX,SLC,12892,14869
DAL-PSP,DAL,PSP,11259,14262
DAL-RSW,DAL,RSW,11259,14635
ABQ-BWI,ABQ,BWI,10140,10821
BUF-FLL,BUF,FLL,10792,11697
DAL-HDN,DAL,HDN,11259,12094
DEN-ALB,DEN,ALB,11292,10257
HDN-DAL,HDN,DAL,12094,11259
HOU-LBB,HOU,LBB,12191,12896
LBB-HOU,LBB,HOU,12896,12191
MCO-OKC,MCO,OKC,13204,13851
MCO-ORF,MCO,ORF,13204,13931
MTJ-DAL,MTJ,DAL,13502,11259
PHX-PIT,PHX,PIT,14107,14122
PIT-PHX,PIT,PHX,14122,14107
HOU-GSP,HOU,GSP,12191,11996
LIT-LAS,LIT,LAS,12992,12889
MCO-CLE,MCO,CLE,13204,11042
MHT-TPA,MHT,TPA,13296,15304
SDF-RSW,SDF,RSW,14730,14635
DEN-CLT,DEN,CLT,11292,11057
DSM-LAS,DSM,LAS,11423,12889
LAS-SDF,LAS,SDF,12889,14730
LGB-MSY,LGB,MSY,12954,13495
PIT-DFW,PIT,DFW,14122,11298
CLT-ORD,CLT,ORD,11057,13930
DSM-DFW,DSM,DFW,11423,11298
CLT-SAV,CLT,SAV,11057,14685
PBI-DCA,PBI,DCA,14027,11278
PHL-CLT,PHL,CLT,14100,11057
RIC-DFW,RIC,DFW,14524,11298
SFO-MIA,SFO,MIA,14771,13303
DFW-SEA,DFW,SEA,11298,14747
DFW-GSP,DFW,GSP,11298,11996
ONT-CLT,ONT,CLT,13891,11057
SAV-DFW,SAV,DFW,14685,11298
SAT-CLT,SAT,CLT,14683,11057
VPS-ORD,VPS,ORD,15624,13930
ORD-RIC,ORD,RIC,13930,14524
DFW-FAY,DFW,FAY,11298,11641
ATW-CLT,ATW,CLT,10408,11057
ORD-EYW,ORD,EYW,13930,11624
PHX-FAR,PHX,FAR,14107,11637
RDU-CVG,RDU,CVG,14492,11193
GJT-PHX,GJT,PHX,11921,14107
TLH-CLT,TLH,CLT,15249,11057
AGS-ORD,AGS,ORD,10208,13930
DFW-MSO,DFW,MSO,11298,13486
LAW-DFW,LAW,DFW,12891,11298
BHM-CLT,BHM,CLT,10599,11057
LEX-CLT,LEX,CLT,12945,11057
RSW-AUS,RSW,AUS,14635,10423
MIA-TUL,MIA,TUL,13303,15370
DFW-FSD,DFW,FSD,11298,11775
ELP-ORD,ELP,ORD,11540,13930
JFK-BUF,JFK,BUF,12478,10792
BNA-JFK,BNA,JFK,10693,12478
DTW-CHS,DTW,CHS,11433,10994
RIC-LGA,RIC,LGA,14524,12953
LGA-AVL,LGA,AVL,12953,10431
TRI-ATL,TRI,ATL,15323,10397
DTW-IND,DTW,IND,11433,12339
TVC-DTW,TVC,DTW,15380,11433
RDU-EWR,RDU,EWR,14492,11618
GRB-MSP,GRB,MSP,11977,13487
DTW-RIC,DTW,RIC,11433,14524
MSP-LSE,MSP,LSE,13487,13076
CAE-LGA,CAE,LGA,10868,12953
GSP-DCA,GSP,DCA,11996,11278
MHT-CLT,MHT,CLT,13296,11057
BTV-DCA,BTV,DCA,10785,11278
CLT-HSV,CLT,HSV,11057,12217
TUL-DCA,TUL,DCA,15370,11278
MYR-PHL,MYR,PHL,13577,14100
DCA-CAK,DCA,CAK,11278,10874
BUF-PHL,BUF,PHL,10792,14100
MSY-PHL,MSY,PHL,13495,14100
DCA-LAN,DCA,LAN,11278,12884
LAN-DCA,LAN,DCA,12884,11278
TYS-PHL,TYS,PHL,15412,14100
CLT-CMH,CLT,CMH,11057,11066
PNS-PHL,PNS,PHL,14193,14100
ORD-CLT,ORD,CLT,13930,11057
TPA-SFO,TPA,SFO,15304,14771
ABE-ATL,ABE,ATL,10135,10397
MIA-PHX,MIA,PHX,13303,14107
AUS-PHL,AUS,PHL,10423,14100
DFW-ANC,DFW,ANC,11298,10299
DFW-ILM,DFW,ILM,11298,12323
DCA-BOS,DCA,BOS,11278,10721
DFW-MFE,DFW,MFE,11298,13256
CLT-MCI,CLT,MCI,11057,13198
AUS-CLT,AUS,CLT,10423,11057
CLT-SJU,CLT,SJU,11057,14843
MSP-MIA,MSP,MIA,13487,13303
CLT-CID,CLT,CID,11057,11003
EYW-DFW,EYW,DFW,11624,11298
RNO-IAH,RNO,IAH,14570,12266
KOA-ORD,KOA,ORD,12758,13930
IAD-IND,IAD,IND,12264,12339
SFO-FAT,SFO,FAT,14771,11638
BUR-EUG,BUR,EUG,10800,11603
BUR-PDX,BUR,PDX,10800,14057
CHS-AUS,CHS,AUS,10994,10423
SMF-OGG,SMF,OGG,14893,13830
VPS-HOU,VPS,HOU,15624,12191
ABQ-SAT,ABQ,SAT,10140,14683
BUR-HOU,BUR,HOU,10800,12191
DEN-BLI,DEN,BLI,11292,10666
DEN-MYR,DEN,MYR,11292,13577
ECP-DEN,ECP,DEN,11481,11292
HOU-BUR,HOU,BUR,12191,10800
IND-ECP,IND,ECP,12339,11481
MCI-ECP,MCI,ECP,13198,11481
MYR-CMH,MYR,CMH,13577,11066
PNS-DEN,PNS,DEN,14193,11292
PNS-MDW,PNS,MDW,14193,13232
SAT-ABQ,SAT,ABQ,14683,10140
STL-SEA,STL,SEA,15016,14747
CLT-PDX,CLT,PDX,11057,14057
DFW-GSO,DFW,GSO,11298,11995
SEA-CLT,SEA,CLT,14747,11057
CLT-BGR,CLT,BGR,11057,10581
CLT-OKC,CLT,OKC,11057,13851
ADK-ANC,ADK,ANC,10165,10299
PDX-ABQ,PDX,ABQ,14057,10140
HPN-CHS,HPN,CHS,12197,10994
LGA-SRQ,LGA,SRQ,12953,14986
BOS-STT,BOS,STT,10721,15024
BOS-EYW,BOS,EYW,10721,11624
HPN-ATL,HPN,ATL,12197,10397
PNS-ATL,PNS,ATL,14193,10397
CVG-ATL,CVG,ATL,11193,10397
MSP-HNL,MSP,HNL,13487,12173
ATL-PDX,ATL,PDX,10397,14057
ECP-ATL,ECP,ATL,11481,10397
ATL-ONT,ATL,ONT,10397,13891
MCI-DTW,MCI,DTW,13198,11433
MSP-MCI,MSP,MCI,13487,13198
SAV-ATL,SAV,ATL,14685,10397
ATL-SYR,ATL,SYR,10397,15096
MIA-MSP,MIA,MSP,13303,13487
MEM-SLC,MEM,SLC,13244,14869
MSP-PSP,MSP,PSP,13487,14262
ATW-ATL,ATW,ATL,10408,10397
ABQ-ATL,ABQ,ATL,10140,10397
RNO-MSP,RNO,MSP,14570,13487
DTW-AUS,DTW,AUS,11433,10423
SLC-MSY,SLC,MSY,14869,13495
MEM-DTW,MEM,DTW,13244,11433
ATL-BHM,ATL,BHM,10397,10599
ATL-CHS,ATL,CHS,10397,10994
MSP-BIL,MSP,BIL,13487,10620
FSD-MSP,FSD,MSP,11775,13487
BOI-MSP,BOI,MSP,10713,13487
MSP-BOI,MSP,BOI,13487,10713
MKE-MSP,MKE,MSP,13342,13487
PSC-MSP,PSC,MSP,14252,13487
DTW-HNL,DTW,HNL,11433,12173
EWR-EGE,EWR,EGE,11618,11503
IAH-EYW,IAH,EYW,12266,11624
FCA-MSP,FCA,MSP,11648,13487
MSP-HRL,MSP,HRL,13487,12206
EGE-ATL,EGE,ATL,11503,10397
MSP-FLL,MSP,FLL,13487,11697
MSN-DTW,MSN,DTW,13485,11433
MSY-DTW,MSY,DTW,13495,11433
CHS-MSP,CHS,MSP,10994,13487
MSP-FCA,MSP,FCA,13487,11648
DTW-MCI,DTW,MCI,11433,13198
DTW-SRQ,DTW,SRQ,11433,14986
RSW-CVG,RSW,CVG,14635,11193
ONT-SLC,ONT,SLC,13891,14869
TUS-ATL,TUS,ATL,15376,10397
ELP-ATL,ELP,ATL,11540,10397
ROC-ATL,ROC,ATL,14576,10397
MSP-OMA,MSP,OMA,13487,13871
MSP-SNA,MSP,SNA,13487,14908
BHM-LAX,BHM,LAX,10599,12892
MKE-MCI,MKE,MCI,13342,13198
STL-PBI,STL,PBI,15016,14027
SRQ-MCI,SRQ,MCI,14986,13198
MCO-ELP,MCO,ELP,13204,11540
SAT-FLL,SAT,FLL,14683,11697
LEX-MIA,LEX,MIA,12945,13303
CMH-LGA,CMH,LGA,11066,12953
ALB-MIA,ALB,MIA,10257,13303
TUL-LGA,TUL,LGA,15370,12953
MSN-DCA,MSN,DCA,13485,11278
LGA-XNA,LGA,XNA,12953,15919
BOS-MEM,BOS,MEM,10721,13244
MIA-LEX,MIA,LEX,13303,12945
HHH-DCA,HHH,DCA,12124,11278
DTW-PIT,DTW,PIT,11433,14122
MSP-RST,MSP,RST,13487,14633
LGA-PNS,LGA,PNS,12953,14193
PNS-LGA,PNS,LGA,14193,12953
BMI-ATL,BMI,ATL,10685,10397
BGM-DTW,BGM,DTW,10577,11433
PHX-JAX,PHX,JAX,14107,12451
MIA-PDX,MIA,PDX,13303,14057
DFW-EUG,DFW,EUG,11298,11603
DFW-RDM,DFW,RDM,11298,14489
ANC-OTZ,ANC,OTZ,10299,13970
OME-ANC,OME,ANC,13873,10299
PDX-BNA,PDX,BNA,14057,10693
ANC-AKN,ANC,AKN,10299,10245
AKN-ANC,AKN,ANC,10245,10299
PAE-LAS,PAE,LAS,14004,12889
ANC-SLC,ANC,SLC,10299,14869
SLC-ANC,SLC,ANC,14869,10299
ANC-SAN,ANC,SAN,10299,14679
JFK-HYA,JFK,HYA,12478,12250
SAV-MSP,SAV,MSP,14685,13487
IND-SLC,IND,SLC,12339,14869
SYR-MSP,SYR,MSP,15096,13487
MSP-ORF,MSP,ORF,13487,13931
CLT-BZN,CLT,BZN,11057,10849
BTV-DFW,BTV,DFW,10785,11298
PHX-KOA,PHX,KOA,14107,12758
PWM-DFW,PWM,DFW,14321,11298
GST-JNU,GST,JNU,11997,12523
ANC-DLG,ANC,DLG,10299,11336
JFK-ANC,JFK,ANC,12478,10299
SEA-JAC,SEA,JAC,14747,12441
GSO-DEN,GSO,DEN,11995,11292
ALW-SEA,ALW,SEA,10275,14747
MSO-SAN,MSO,SAN,13486,14679
PIH-SLC,PIH,SLC,14113,14869
ACV-DEN,ACV,DEN,10157,11292
IAH-TVC,IAH,TVC,12266,15380
MSO-SFO,MSO,SFO,13486,14771
PHX-PSC,PHX,PSC,14107,14252
DEN-FAI,DEN,FAI,11292,11630
ELP-MDW,ELP,MDW,11540,13232
EUG-SMF,EUG,SMF,11603,14893
ONT-BNA,ONT,BNA,13891,10693
MIA-OMA,MIA,OMA,13303,13871
SBN-MIA,SBN,MIA,14696,13303
IDA-PDX,IDA,PDX,12280,14057
PBI-AVL,PBI,AVL,14027,10431
CID-SRQ,CID,SRQ,11003,14986
LAS-FCA,LAS,FCA,12889,11648
SRQ-AUS,SRQ,AUS,14986,10423
HGR-PIE,HGR,PIE,12119,14112
ICT-SFB,ICT,SFB,12278,14761
SRQ-SBN,SRQ,SBN,14986,14696
FLL-GRR,FLL,GRR,11697,11986
XNA-DTW,XNA,DTW,15919,11433
BTR-DCA,BTR,DCA,10781,11278
BNA-BHM,BNA,BHM,10693,10599
ROC-LAS,ROC,LAS,14576,12889
RSW-GRR,RSW,GRR,14635,11986
OAK-MSY,OAK,MSY,13796,13495
KOA-SMF,KOA,SMF,12758,14893
MDW-PSP,MDW,PSP,13232,14262
STL-SAV,STL,SAV,15016,14685
TUS-SMF,TUS,SMF,15376,14893
RIC-EWR,RIC,EWR,14524,11618
RIC-IAD,RIC,IAD,14524,12264
CMH-IAD,CMH,IAD,11066,12264
IAD-CVG,IAD,CVG,12264,11193
ILM-EWR,ILM,EWR,12323,11618
EWR-DCA,EWR,DCA,11618,11278
ITH-EWR,ITH,EWR,12397,11618
ATL-SBA,ATL,SBA,10397,14689
MEM-BNA,MEM,BNA,13244,10693
ABQ-BNA,ABQ,BNA,10140,10693
BNA-TUL,BNA,TUL,10693,15370
ORD-ONT,ORD,ONT,13930,13891
EWR-OMA,EWR,OMA,11618,13871
SDF-SFO,SDF,SFO,14730,14771
BNA-PWM,BNA,PWM,10693,14321
SJC-BWI,SJC,BWI,14831,10821
BWI-SJC,BWI,SJC,10821,14831
BNA-BZN,BNA,BZN,10693,10849
DAL-PVD,DAL,PVD,11259,14307
PIT-SAN,PIT,SAN,14122,14679
SAN-MKE,SAN,MKE,14679,13342
SAN-PIT,SAN,PIT,14679,14122
PHL-HHH,PHL,HHH,14100,12124
MIA-CAE,MIA,CAE,13303,10868
PHL-ACK,PHL,ACK,14100,10154
MVY-PHL,MVY,PHL,13541,14100
DTW-PWM,DTW,PWM,11433,14321
PWM-DTW,PWM,DTW,14321,11433
ONT-HNL,ONT,HNL,13891,12173
JFK-BDL,JFK,BDL,12478,10529
CVG-PDX,CVG,PDX,11193,14057
IAD-AVL,IAD,AVL,12264,10431
HTS-VPS,HTS,VPS,12223,15624
LIH-SMF,LIH,SMF,12982,14893
HDN-FLL,HDN,FLL,12094,11697
RDU-BUF,RDU,BUF,14492,10792
DFW-MDW,DFW,MDW,11298,13232
MYR-ISP,MYR,ISP,13577,12391
ATL-TTN,ATL,TTN,10397,15356
ONT-MCO,ONT,MCO,13891,13204
MDT-MCO,MDT,MCO,13230,13204
PWM-RDU,PWM,RDU,14321,14492
SFB-AUS,SFB,AUS,14761,10423
GRR-PDX,GRR,PDX,11986,14057
PVU-PIE,PVU,PIE,14314,14112
BNA-MFE,BNA,MFE,10693,13256
SAN-AZA,SAN,AZA,14679,10466
SNA-MSO,SNA,MSO,14908,13486
CHS-IND,CHS,IND,10994,12339
BLV-JAX,BLV,JAX,10676,12451
PIE-XNA,PIE,XNA,14112,15919
LEX-MYR,LEX,MYR,12945,13577
PIE-CKB,PIE,CKB,14112,11027
LIT-VPS,LIT,VPS,12992,15624
CHS-LCK,CHS,LCK,10994,12917
SAN-BLI,SAN,BLI,14679,10666
BNA-PSM,BNA,PSM,10693,14259
BLV-SAV,BLV,SAV,10676,14685
SAV-IND,SAV,IND,14685,12339
SFB-ORF,SFB,ORF,14761,13931
LAX-FSD,LAX,FSD,12892,11775
AUS-FSD,AUS,FSD,10423,11775
IND-CHS,IND,CHS,12339,10994
LAX-CID,LAX,CID,12892,11003
GRR-SAV,GRR,SAV,11986,14685
AZA-HOU,AZA,HOU,10466,12191
MSO-SNA,MSO,SNA,13486,14908
FSD-LAX,FSD,LAX,11775,12892
MSO-OAK,MSO,OAK,13486,13796
IAH-HRL,IAH,HRL,12266,12206
GRR-PHL,GRR,PHL,11986,14100
CLT-PHF,CLT,PHF,11057,14098
RIC-PGD,RIC,PGD,14524,14082
LAS-AZA,LAS,AZA,12889,10466
FLL-FSD,FLL,FSD,11697,11775
LEX-SRQ,LEX,SRQ,12945,14986
CHA-PGD,CHA,PGD,10980,14082
STX-ATL,STX,ATL,15027,10397
SAV-BLV,SAV,BLV,14685,10676
AZA-TVC,AZA,TVC,10466,15380
ABQ-EWR,ABQ,EWR,10140,11618
EWR-SBN,EWR,SBN,11618,14696
RSW-SJU,RSW,SJU,14635,14843
DEN-BIH,DEN,BIH,11292,10617
SBP-LAS,SBP,LAS,14698,12889
SEA-HLN,SEA,HLN,14747,12156
EGE-AUS,EGE,AUS,11503,10423
PHX-IDA,PHX,IDA,14107,12280
PHX-EGE,PHX,EGE,14107,11503
MTJ-ATL,MTJ,ATL,13502,10397
DSM-MCO,DSM,MCO,11423,13204
PGD-MSP,PGD,MSP,14082,13487
CVG-TYS,CVG,TYS,11193,15412
SAV-IAH,SAV,IAH,14685,12266
ORD-HRL,ORD,HRL,13930,12206
RSW-ORF,RSW,ORF,14635,13931
HSV-IAD,HSV,IAD,12217,12264
GPT-IAH,GPT,IAH,11973,12266
EUG-OTH,EUG,OTH,11603,13964
DAL-CRP,DAL,CRP,11259,11140
DCA-TVC,DCA,TVC,11278,15380
TVC-DCA,TVC,DCA,15380,11278
ORD-BIL,ORD,BIL,13930,10620
PVU-DFW,PVU,DFW,14314,11298
DFW-SCE,DFW,SCE,11298,14711
MHT-FLL,MHT,FLL,13296,11697
FLL-MHT,FLL,MHT,11697,13296
MCO-CAE,MCO,CAE,13204,10868
MYR-LBE,MYR,LBE,13577,12898
MIA-ACY,MIA,ACY,13303,10158
SAT-SJU,SAT,SJU,14683,14843
FLL-CHA,FLL,CHA,11697,10980
PHL-LEX,PHL,LEX,14100,12945
VPS-PHL,VPS,PHL,15624,14100
IAD-MSN,IAD,MSN,12264,13485
MYR-TTN,MYR,TTN,13577,15356
GUF-DSM,GUF,DSM,16422,11423
ORD-EVV,ORD,EVV,13930,11612
LEX-AUS,LEX,AUS,12945,10423
AUS-GNV,AUS,GNV,10423,11953
CLL-GNV,CLL,GNV,11049,11953
ORD-BIS,ORD,BIS,13930,10627
MGW-IAD,MGW,IAD,13282,12264
DEN-BTM,DEN,BTM,11292,10779
LAF-ORD,LAF,ORD,12878,13930
PIR-DEN,PIR,DEN,14120,11292
EUG-PDX,EUG,PDX,11603,14057
RDM-PDX,RDM,PDX,14489,14057
BUR-RDM,BUR,RDM,10800,14489
MIA-PWM,MIA,PWM,13303,14321
RIC-SRQ,RIC,SRQ,14524,14986
AZA-GJT,AZA,GJT,10466,11921
HOU-LEX,HOU,LEX,12191,12945
LAS-BDL,LAS,BDL,12889,10529
ESC-IMT,ESC,IMT,11587,12335
CVG-PWM,CVG,PWM,11193,14321
CLE-CHS,CLE,CHS,11042,10994
CLE-JAX,CLE,JAX,11042,12451
JAX-CLE,JAX,CLE,12451,11042
CKB-VPS,CKB,VPS,11027,15624
RSW-DSM,RSW,DSM,14635,11423
TPA-OKC,TPA,OKC,15304,13851
TVC-EWR,TVC,EWR,15380,11618
EWR-TVC,EWR,TVC,11618,15380
OAK-PHL,OAK,PHL,13796,14100
CMH-MSN,CMH,MSN,11066,13485
MVY-CLT,MVY,CLT,13541,11057
JFK-LGA,JFK,LGA,12478,12953
SLC-CMH,SLC,CMH,14869,11066
CMH-OMA,CMH,OMA,11066,13871
BUF-MCI,BUF,MCI,10792,13198
LAX-FLG,LAX,FLG,12892,11695
IAH-SRQ,IAH,SRQ,12266,14986
SAN-EGE,SAN,EGE,14679,11503
ORD-PLN,ORD,PLN,13930,14150
ORD-CIU,ORD,CIU,13930,11013
IDA-ORD,IDA,ORD,12280,13930
MSN-LAX,MSN,LAX,13485,12892
DTW-SJC,DTW,SJC,11433,14831
CID-PHL,CID,PHL,11003,14100
MSN-EUG,MSN,EUG,13485,11603
LAX-MDT,LAX,MDT,12892,13230
MDT-LAX,MDT,LAX,13230,12892
PDX-CID,PDX,CID,14057,11003
FLL-HSV,FLL,HSV,11697,12217
LBB-MIA,LBB,MIA,12896,13303
MIA-LBB,MIA,LBB,13303,12896
CID-MCO,CID,MCO,11003,13204
BMI-MCO,BMI,MCO,10685,13204
PSP-EWR,PSP,EWR,14262,11618
ATL-OGG,ATL,OGG,10397,13830
SDF-STL,SDF,STL,14730,15016
PHL-CAE,PHL,CAE,14100,10868
SBP-SBA,SBP,SBA,14698,14689
AUS-GSP,AUS,GSP,10423,11996
SLC-FAI,SLC,FAI,14869,11630
MSY-GSP,MSY,GSP,13495,11996
SJC-RDM,SJC,RDM,14831,14489
OKC-BHM,OKC,BHM,13851,10599
LBF-SUX,LBF,SUX,12899,15048
SUX-LBF,SUX,LBF,15048,12899
BOS-ECP,BOS,ECP,10721,11481
XNA-TYS,XNA,TYS,15919,15412
PHL-SBN,PHL,SBN,14100,14696
BIS-DIK,BIS,DIK,10627,11315
BGR-ATL,BGR,ATL,10581,10397
SDF-SLC,SDF,SLC,14730,14869
JAX-TPA,JAX,TPA,12451,15304
BHM-ACT,BHM,ACT,10599,10155
EWR-XNA,EWR,XNA,11618,15919
ORD-SAF,ORD,SAF,13930,14674
SUN-PHX,SUN,PHX,15041,14107
MSP-EGE,MSP,EGE,13487,11503
MSP-MCW,MSP,MCW,13487,13211
CLT-HTS,CLT,HTS,11057,12223
BLV-AZA,BLV,AZA,10676,10466
AZA-TUL,AZA,TUL,10466,15370
ALB-PHL,ALB,PHL,10257,14100
BOS-PNS,BOS,PNS,10721,14193
FNT-SAV,FNT,SAV,11721,14685
SJU-PBI,SJU,PBI,14843,14027
PBI-SJU,PBI,SJU,14027,14843
MCO-CHS,MCO,CHS,13204,10994
PLN-CIU,PLN,CIU,14150,11013
BGR-DTW,BGR,DTW,10581,11433
SYR-SBN,SYR,SBN,15096,14696
GRB-PHL,GRB,PHL,11977,14100
SLC-RSW,SLC,RSW,14869,14635
SJC-JAC,SJC,JAC,14831,12441
SJC-MCI,SJC,MCI,14831,13198
BUF-SEA,BUF,SEA,10792,14747
SEA-BUF,SEA,BUF,14747,10792
OKC-HSV,OKC,HSV,13851,12217
SEA-GRB,SEA,GRB,14747,11977
PIE-VPS,PIE,VPS,14112,15624
LAS-JAN,LAS,JAN,12889,12448
PHX-RSW,PHX,RSW,14107,14635
DTW-SCE,DTW,SCE,11433,14711
DTW-ITH,DTW,ITH,11433,12397
MKE-GEG,MKE,GEG,13342,11884
MCI-CVG,MCI,CVG,13198,11193
OKC-CAE,OKC,CAE,13851,10868
CID-DTW,CID,DTW,11003,11433
XNA-SFO,XNA,SFO,15919,14771
IAD-EGE,IAD,EGE,12264,11503
ORD-CWA,ORD,CWA,13930,11203
DFW-FSM,DFW,FSM,11298,11778
TLH-MIA,TLH,MIA,15249,13303
MIA-ATL,MIA,ATL,13303,10397
ORD-TUL,ORD,TUL,13930,15370
DFW-LIT,DFW,LIT,11298,12992
ORD-BUF,ORD,BUF,13930,10792
ORD-BNA,ORD,BNA,13930,10693
ORD-PIT,ORD,PIT,13930,14122
PIT-ORD,PIT,ORD,14122,13930
ORD-ATW,ORD,ATW,13930,10408
DFW-BTR,DFW,BTR,11298,10781
DFW-TRI,DFW,TRI,11298,15323
MSY-ORD,MSY,ORD,13495,13930
CLT-MEM,CLT,MEM,11057,13244
ALB-ORD,ALB,ORD,10257,13930
BNA-TPA,BNA,TPA,10693,15304
MIA-PNS,MIA,PNS,13303,14193
ORD-PVD,ORD,PVD,13930,14307
ICT-ORD,ICT,ORD,12278,13930
DSM-ORD,DSM,ORD,11423,13930
ORD-GSP,ORD,GSP,13930,11996
MIA-SAV,MIA,SAV,13303,14685
ORD-FSD,ORD,FSD,13930,11775
ORD-BWI,ORD,BWI,13930,10821
GRR-MIA,GRR,MIA,11986,13303
GSP-MIA,GSP,MIA,11996,13303
GJT-DFW,GJT,DFW,11921,11298
JAX-ORD,JAX,ORD,12451,13930
ORD-JAX,ORD,JAX,13930,12451
ORD-GRB,ORD,GRB,13930,11977
OMA-ORD,OMA,ORD,13871,13930
ORD-STL,ORD,STL,13930,15016
CHS-DCA,CHS,DCA,10994,11278
MIA-GSO,MIA,GSO,13303,11995
LBB-PHX,LBB,PHX,12896,14107
TYS-MIA,TYS,MIA,15412,13303
CLT-DAY,CLT,DAY,11057,11267
BDL-DCA,BDL,DCA,10529,11278
ORD-ROC,ORD,ROC,13930,14576
ORD-BOS,ORD,BOS,13930,10721
AUS-DFW,AUS,DFW,10423,11298
STL-AUS,STL,AUS,15016,10423
AUS-MCI,AUS,MCI,10423,13198
ATL-MSP,ATL,MSP,10397,13487
CLT-LAS,CLT,LAS,11057,12889
PHL-FLL,PHL,FLL,14100,11697
LAX-TPA,LAX,TPA,12892,15304
LAX-MSP,LAX,MSP,12892,13487
SDF-LAS,SDF,LAS,14730,12889
MCO-IND,MCO,IND,13204,12339
MCO-STL,MCO,STL,13204,15016
MCO-CLT,MCO,CLT,13204,11057
RSW-CLE,RSW,CLE,14635,11042
CLE-RSW,CLE,RSW,11042,14635
LAS-DTW,LAS,DTW,12889,11433
ORD-TPA,ORD,TPA,13930,15304
DEN-LAS,DEN,LAS,11292,12889
BOS-MCO,BOS,MCO,10721,13204
IAH-LAX,IAH,LAX,12266,12892
PHX-ORD,PHX,ORD,14107,13930
LAS-DEN,LAS,DEN,12889,11292
LAS-MCI,LAS,MCI,12889,13198
MCO-LGA,MCO,LGA,13204,12953
MCO-BNA,MCO,BNA,13204,10693
TPA-ATL,TPA,ATL,15304,10397
LAS-MSY,LAS,MSY,12889,13495
FLL-SJU,FLL,SJU,11697,14843
LAS-PDX,LAS,PDX,12889,14057
BWI-DTW,BWI,DTW,10821,11433
MCO-SLC,MCO,SLC,13204,14869
TPA-MIA,TPA,MIA,15304,13303
LAX-ATL,LAX,ATL,12892,10397
TPA-IND,TPA,IND,15304,12339
LAS-SEA,LAS,SEA,12889,14747
PHX-FLL,PHX,FLL,14107,11697
FLL-IND,FLL,IND,11697,12339
FLL-STT,FLL,STT,11697,15024
BNA-PHL,BNA,PHL,10693,14100
FLL-BNA,FLL,BNA,11697,10693
DTW-LAS,DTW,LAS,11433,12889
AUS-EWR,AUS,EWR,10423,11618
LGA-MIA,LGA,MIA,12953,13303
SNA-RNO,SNA,RNO,14908,14570
SRQ-DAL,SRQ,DAL,14986,11259
SRQ-HOU,SRQ,HOU,14986,12191
SRQ-IND,SRQ,IND,14986,12339
STL-ATL,STL,ATL,15016,10397
STL-DAL,STL,DAL,15016,11259
STL-MDW,STL,MDW,15016,13232
STL-PHX,STL,PHX,15016,14107
TPA-BUF,TPA,BUF,15304,10792
TPA-DAL,TPA,DAL,15304,11259
TPA-DEN,TPA,DEN,15304,11292
TPA-LGA,TPA,LGA,15304,12953
TPA-PHX,TPA,PHX,15304,14107
TUS-MDW,TUS,MDW,15376,13232
ABQ-LAX,ABQ,LAX,10140,12892
ABQ-MDW,ABQ,MDW,10140,13232
ATL-OMA,ATL,OMA,10397,13871
ATL-SDF,ATL,SDF,10397,14730
AUS-HOU,AUS,HOU,10423,12191
AUS-HRL,AUS,HRL,10423,12206
AUS-PHX,AUS,PHX,10423,14107
AUS-SMF,AUS,SMF,10423,14893
AUS-SNA,AUS,SNA,10423,14908
BLI-LAS,BLI,LAS,10666,12889
BNA-IAH,BNA,IAH,10693,12266
BNA-MIA,BNA,MIA,10693,13303
BNA-SNA,BNA,SNA,10693,14908
BOI-SMF,BOI,SMF,10713,14893
BOS-BNA,BOS,BNA,10721,10693
BUF-BWI,BUF,BWI,10792,10821
BUR-DAL,BUR,DAL,10800,11259
BUR-SMF,BUR,SMF,10800,14893
BWI-CHS,BWI,CHS,10821,10994
BWI-CMH,BWI,CMH,10821,11066
BWI-CVG,BWI,CVG,10821,11193
BWI-ISP,BWI,ISP,10821,12391
BWI-JAN,BWI,JAN,10821,12448
BWI-JAX,BWI,JAX,10821,12451
BWI-RDU,BWI,RDU,10821,14492
CMH-BNA,CMH,BNA,11066,10693
CMH-FLL,CMH,FLL,11066,11697
CMH-PHX,CMH,PHX,11066,14107
CMH-TPA,CMH,TPA,11066,15304
COS-DAL,COS,DAL,11109,11259
COS-MDW,COS,MDW,11109,13232
COS-PHX,COS,PHX,11109,14107
CVG-BWI,CVG,BWI,11193,10821
DAL-AMA,DAL,AMA,11259,10279
DAL-ATL,DAL,ATL,11259,10397
DAL-BUR,DAL,BUR,11259,10800
DAL-IND,DAL,IND,11259,12339
DAL-LGA,DAL,LGA,11259,12953
DAL-MCO,DAL,MCO,11259,13204
DAL-OAK,DAL,OAK,11259,13796
DAL-PIT,DAL,PIT,11259,14122
DAL-SRQ,DAL,SRQ,11259,14986
DCA-AUS,DCA,AUS,11278,10423
DCA-HOU,DCA,HOU,11278,12191
DEN-BOI,DEN,BOI,11292,10713
DEN-DAL,DEN,DAL,11292,11259
DEN-GEG,DEN,GEG,11292,11884
DEN-MKE,DEN,MKE,11292,13342
DEN-PIT,DEN,PIT,11292,14122
DSM-DEN,DSM,DEN,11423,11292
ECP-DAL,ECP,DAL,11481,11259
FAT-DEN,FAT,DEN,11638,11292
GEG-OAK,GEG,OAK,11884,13796
HNL-LIH,HNL,LIH,12173,12982
HNL-OAK,HNL,OAK,12173,13796
HNL-PHX,HNL,PHX,12173,14107
HOU-ATL,HOU,ATL,12191,10397
HOU-AUS,HOU,AUS,12191,10423
HOU-BHM,HOU,BHM,12191,10599
HOU-BNA,HOU,BNA,12191,10693
HOU-DCA,HOU,DCA,12191,11278
HOU-ELP,HOU,ELP,12191,11540
HOU-FLL,HOU,FLL,12191,11697
HOU-LGB,HOU,LGB,12191,12954
HOU-MSY,HOU,MSY,12191,13495
IAH-DAL,IAH,DAL,12266,11259
IND-HOU,IND,HOU,12339,12191
ISP-MCO,ISP,MCO,12391,13204
LAS-BZN,LAS,BZN,12889,10849
LAX-RNO,LAX,RNO,12892,14570
LAX-TUS,LAX,TUS,12892,15376
LBB-DAL,LBB,DAL,12896,11259
LGB-BNA,LGB,BNA,12954,10693
LGB-HNL,LGB,HNL,12954,12173
LGB-RNO,LGB,RNO,12954,14570
LIT-STL,LIT,STL,12992,15016
MCI-FLL,MCI,FLL,13198,11697
MDW-BNA,MDW,BNA,13232,10693
MDW-DTW,MDW,DTW,13232,11433
MDW-IAD,MDW,IAD,13232,12264
MDW-LAX,MDW,LAX,13232,12892
MDW-MEM,MDW,MEM,13232,13244
MDW-MSY,MDW,MSY,13232,13495
MDW-PIT,MDW,PIT,13232,14122
MHT-MDW,MHT,MDW,13296,13232
MSP-DEN,MSP,DEN,13487,11292
MSY-DEN,MSY,DEN,13495,11292
MSY-HOU,MSY,HOU,13495,12191
MSY-LAS,MSY,LAS,13495,12889
MSY-PHX,MSY,PHX,13495,14107
MYR-MDW,MYR,MDW,13577,13232
OAK-KOA,OAK,KOA,13796,12758
OGG-PHX,OGG,PHX,13830,14107
OKC-STL,OKC,STL,13851,15016
ORD-DAL,ORD,DAL,13930,11259
PDX-OAK,PDX,OAK,14057,13796
PHX-ABQ,PHX,ABQ,14107,10140
PHX-ATL,PHX,ATL,14107,10397
PHX-AUS,PHX,AUS,14107,10423
PHX-COS,PHX,COS,14107,11109
PIT-BNA,PIT,BNA,14122,10693
PIT-MDW,PIT,MDW,14122,13232
PIT-STL,PIT,STL,14122,15016
PVD-TPA,PVD,TPA,14307,15304
RDU-BWI,RDU,BWI,14492,10821
RDU-MDW,RDU,MDW,14492,13232
RNO-BUR,RNO,BUR,14570,10800
RSW-BNA,RSW,BNA,14635,10693
RSW-BWI,RSW,BWI,14635,10821
SAN-ABQ,SAN,ABQ,14679,10140
SAN-BOI,SAN,BOI,14679,10713
SAN-RNO,SAN,RNO,14679,14570
SAN-SMF,SAN,SMF,14679,14893
SAT-BWI,SAT,BWI,14683,10821
SAT-PHX,SAT,PHX,14683,14107
SAV-HOU,SAV,HOU,14685,12191
SDF-BWI,SDF,BWI,14730,10821
SJC-GEG,SJC,GEG,14831,11884
SJC-KOA,SJC,KOA,14831,12758
SJC-LAX,SJC,LAX,14831,12892
SJC-RNO,SJC,RNO,14831,14570
SJC-SAN,SJC,SAN,14831,14679
SLC-SAN,SLC,SAN,14869,14679
SMF-GEG,SMF,GEG,14893,11884
SMF-PHX,SMF,PHX,14893,14107
SNA-DAL,SNA,DAL,14908,11259
DCA-LAX,DCA,LAX,11278,12892
PHX-JFK,PHX,JFK,14107,12478
EWR-PHX,EWR,PHX,11618,14107
PHX-PHL,PHX,PHL,14107,14100
ABQ-DFW,ABQ,DFW,10140,11298
LGA-ORD,LGA,ORD,12953,13930
CLT-MYR,CLT,MYR,11057,13577
RSW-CLT,RSW,CLT,14635,11057
STT-MIA,STT,MIA,15024,13303
CLT-ATL,CLT,ATL,11057,10397
BOI-DFW,BOI,DFW,10713,11298
CLT-PNS,CLT,PNS,11057,14193
DCA-PWM,DCA,PWM,11278,14321
IND-LAX,IND,LAX,12339,12892
DFW-SBA,DFW,SBA,11298,14689
CLT-BDL,CLT,BDL,11057,10529
AGS-DFW,AGS,DFW,10208,11298
CLT-STX,CLT,STX,11057,15027
ALB-CLT,ALB,CLT,10257,11057
CLT-PVD,CLT,PVD,11057,14307
PVD-CLT,PVD,CLT,14307,11057
EYW-ATL,EYW,ATL,11624,10397
LEX-ATL,LEX,ATL,12945,10397
OKC-LGA,OKC,LGA,13851,12953
LGA-MKE,LGA,MKE,12953,13342
XNA-ATL,XNA,ATL,15919,10397
BMI-DTW,BMI,DTW,10685,11433
HSV-DTW,HSV,DTW,12217,11433
BUF-LGA,BUF,LGA,10792,12953
BGR-LGA,BGR,LGA,10581,12953
ATL-MGM,ATL,MGM,10397,13277
BHM-DTW,BHM,DTW,10599,11433
LGA-JAX,LGA,JAX,12953,12451
JFK-DTW,JFK,DTW,12478,11433
ATL-VLD,ATL,VLD,10397,15607
DAY-ATL,DAY,ATL,11267,10397
MSP-ICT,MSP,ICT,13487,12278
DTW-SYR,DTW,SYR,11433,15096
BUF-DTW,BUF,DTW,10792,11433
GRR-MSP,GRR,MSP,11986,13487
CWA-MSP,CWA,MSP,11203,13487
ATL-ROA,ATL,ROA,10397,14574
ROA-ATL,ROA,ATL,14574,10397
MLU-ATL,MLU,ATL,13377,10397
LGA-IAD,LGA,IAD,12953,12264
RIC-JFK,RIC,JFK,14524,12478
DAY-DCA,DAY,DCA,11267,11278
CLT-ABE,CLT,ABE,11057,10135
CLT-CRW,CLT,CRW,11057,11146
CAK-CLT,CAK,CLT,10874,11057
CLT-CAK,CLT,CAK,11057,10874
HPN-CLT,HPN,CLT,12197,11057
DCA-ROC,DCA,ROC,11278,14576
ROC-DCA,ROC,DCA,14576,11278
DCA-PNS,DCA,PNS,11278,14193
CLT-ROA,CLT,ROA,11057,14574
CLT-CHO,CLT,CHO,11057,10990
ILM-DCA,ILM,DCA,12323,11278
DCA-BGR,DCA,BGR,11278,10581
PHL-SAV,PHL,SAV,14100,14685
DCA-BHM,DCA,BHM,11278,10599
RDU-PHL,RDU,PHL,14492,14100
DTW-DCA,DTW,DCA,11433,11278
PIA-CLT,PIA,CLT,14108,11057
CLT-SBN,CLT,SBN,11057,14696
PVD-PHL,PVD,PHL,14307,14100
DCA-HSV,DCA,HSV,11278,12217
IAH-RSW,IAH,RSW,12266,14635
IAD-RSW,IAD,RSW,12264,14635
PHX-IAD,PHX,IAD,14107,12264
IAH-CMH,IAH,CMH,12266,11066
EWR-IAH,EWR,IAH,11618,12266
EUG-DEN,EUG,DEN,11603,11292
RDM-DEN,RDM,DEN,14489,11292
SNA-IAH,SNA,IAH,14908,12266
SFO-LIH,SFO,LIH,14771,12982
AUS-IAH,AUS,IAH,10423,12266
CMH-IAH,CMH,IAH,11066,12266
BTV-IAD,BTV,IAD,10785,12264
ORD-SNA,ORD,SNA,13930,14908
PDX-EWR,PDX,EWR,14057,11618
ORD-ANC,ORD,ANC,13930,10299
SEA-LAX,SEA,LAX,14747,12892
EWR-HNL,EWR,HNL,11618,12173
MCO-LAX,MCO,LAX,13204,12892
FLL-IAD,FLL,IAD,11697,12264
BUF-EWR,BUF,EWR,10792,11618
SFO-BNA,SFO,BNA,14771,10693
ABQ-SFO,ABQ,SFO,10140,14771
HNL-ORD,HNL,ORD,12173,13930
SFO-ABQ,SFO,ABQ,14771,10140
SPN-GUM,SPN,GUM,14955,12016
IAH-SDF,IAH,SDF,12266,14730
IAH-CLE,IAH,CLE,12266,11042
MFR-SFO,MFR,SFO,13264,14771
MCO-IAD,MCO,IAD,13204,12264
ONT-SFO,ONT,SFO,13891,14771
FLL-SFO,FLL,SFO,11697,14771
BOI-SFO,BOI,SFO,10713,14771
TUS-IAH,TUS,IAH,15376,12266
IAD-SJU,IAD,SJU,12264,14843
IAH-IND,IAH,IND,12266,12339
IAH-DSM,IAH,DSM,12266,11423
EWR-MKE,EWR,MKE,11618,13342
ORD-FAT,ORD,FAT,13930,11638
MYR-ORD,MYR,ORD,13577,13930
FAI-ORD,FAI,ORD,11630,13930
ORD-FCA,ORD,FCA,13930,11648
SLC-SFO,SLC,SFO,14869,14771
EWR-SYR,EWR,SYR,11618,15096
ORD-RAP,ORD,RAP,13930,14457
PWM-IAD,PWM,IAD,14321,12264
ORF-IAD,ORF,IAD,13931,12264
IAH-STT,IAH,STT,12266,15024
IAH-ORF,IAH,ORF,12266,13931
MKE-IAH,MKE,IAH,13342,12266
MCI-SFO,MCI,SFO,13198,14771
STT-IAD,STT,IAD,15024,12264
ANC-SEA,ANC,SEA,10299,14747
ANC-LAS,ANC,LAS,10299,12889
CDV-YAK,CDV,YAK,10926,15991
KTN-SIT,KTN,SIT,12819,14828
BOS-PDX,BOS,PDX,10721,14057
AUS-SEA,AUS,SEA,10423,14747
SEA-TPA,SEA,TPA,14747,15304
MSP-SEA,MSP,SEA,13487,14747
SEA-BWI,SEA,BWI,14747,10821
BWI-SEA,BWI,SEA,10821,14747
CVG-SEA,CVG,SEA,11193,14747
MCO-SAN,MCO,SAN,13204,14679
SEA-FLL,SEA,FLL,14747,11697
DAL-SFO,DAL,SFO,11259,14771
MSY-SEA,MSY,SEA,13495,14747
SEA-CVG,SEA,CVG,14747,11193
SEA-RDU,SEA,RDU,14747,14492
RNO-SEA,RNO,SEA,14570,14747
ABQ-SEA,ABQ,SEA,10140,14747
SEA-OGG,SEA,OGG,14747,13830
OGG-SAN,OGG,SAN,13830,14679
SEA-LIH,SEA,LIH,14747,12982
SEA-BOI,SEA,BOI,14747,10713
SBA-SEA,SBA,SEA,14689,14747
ONT-PDX,ONT,PDX,13891,14057
IAH-JFK,IAH,JFK,12266,12478
BOS-FLL,BOS,FLL,10721,11697
SJU-BDL,SJU,BDL,14843,10529
PBI-BOS,PBI,BOS,14027,10721
HPN-RSW,HPN,RSW,12197,14635
RDU-SJU,RDU,SJU,14492,14843
BOS-JFK,BOS,JFK,10721,12478
TPA-BQN,TPA,BQN,15304,10732
BOS-JAX,BOS,JAX,10721,12451
FLL-BQN,FLL,BQN,11697,10732
BQN-FLL,BQN,FLL,10732,11697
BOS-SAT,BOS,SAT,10721,14683
PBI-JFK,PBI,JFK,14027,12478
JFK-SLC,JFK,SLC,12478,14869
BOS-CHS,BOS,CHS,10721,10994
ONT-JFK,ONT,JFK,13891,12478
MCO-HPN,MCO,HPN,13204,12197
SAV-BOS,SAV,BOS,14685,10721
RSW-LGA,RSW,LGA,14635,12953
PSP-JFK,PSP,JFK,14262,12478
DTW-GRB,DTW,GRB,11433,11977
MSP-INL,MSP,INL,13487,12343
SLC-PSP,SLC,PSP,14869,14262
AUS-MFE,AUS,MFE,10423,13256
MSP-GTF,MSP,GTF,13487,12003
SGU-SLC,SGU,SLC,14794,14869
SAN-FAT,SAN,FAT,14679,11638
MSO-SLC,MSO,SLC,13486,14869
TVC-MSP,TVC,MSP,15380,13487
SLC-OMA,SLC,OMA,14869,13871
SLC-ABQ,SLC,ABQ,14869,10140
FWA-ATL,FWA,ATL,11823,10397
SBP-SAN,SBP,SAN,14698,14679
SAN-RDM,SAN,RDM,14679,14489
SLC-CPR,SLC,CPR,14869,11122
CIU-MSP,CIU,MSP,11013,13487
FCA-SLC,FCA,SLC,11648,14869
BOI-PDX,BOI,PDX,10713,14057
DEN-BFF,DEN,BFF,11292,10558
ASE-IAH,ASE,IAH,10372,12266
CAK-ORD,CAK,ORD,10874,13930
MBS-ORD,MBS,ORD,13184,13930
ORD-CHA,ORD,CHA,13930,10980
ORD-CAK,ORD,CAK,13930,10874
HYS-DEN,HYS,DEN,12255,11292
SLN-ORD,SLN,ORD,14877,13930
CHO-ORD,CHO,ORD,10990,13930
HLN-DEN,HLN,DEN,12156,11292
PHX-FLG,PHX,FLG,14107,11695
DFW-SPS,DFW,SPS,11298,14960
MFR-PHX,MFR,PHX,13264,14107
ACT-DFW,ACT,DFW,10155,11298
CYS-DEN,CYS,DEN,11233,11292
VCT-IAH,VCT,IAH,15569,12266
JLN-ORD,JLN,ORD,12511,13930
DEN-CPR,DEN,CPR,11292,11122
FAR-DEN,FAR,DEN,11637,11292
DEN-LBF,DEN,LBF,11292,12899
MCW-FOD,MCW,FOD,13211,11725
DEN-LNK,DEN,LNK,11292,13029
BRO-IAH,BRO,IAH,10747,12266
FCA-SFO,FCA,SFO,11648,14771
DEN-SAF,DEN,SAF,11292,14674
DLH-ORD,DLH,ORD,11337,13930
RDM-LAX,RDM,LAX,14489,12892
TUL-LAX,TUL,LAX,15370,12892
HOB-IAH,HOB,IAH,12177,12266
MCW-ORD,MCW,ORD,13211,13930
ASE-ATL,ASE,ATL,10372,10397
MSO-LAX,MSO,LAX,13486,12892
PSP-SLC,PSP,SLC,14262,14869
PIB-MEI,PIB,MEI,14109,13241
HSV-DEN,HSV,DEN,12217,11292
ORD-CAE,ORD,CAE,13930,10868
DEN-GSO,DEN,GSO,11292,11995
SLC-MFR,SLC,MFR,14869,13264
EUG-SLC,EUG,SLC,11603,14869
CRP-IAH,CRP,IAH,11140,12266
LAS-TYS,LAS,TYS,12889,15412
VPS-BLV,VPS,BLV,15624,10676
SRQ-MDT,SRQ,MDT,14986,13230
PGD-MLI,PGD,MLI,14082,13367
MOT-AZA,MOT,AZA,13433,10466
SFB-RAP,SFB,RAP,14761,14457
GRI-AZA,GRI,AZA,11980,10466
AUS-DSM,AUS,DSM,10423,11423
LAS-BIS,LAS,BIS,12889,10627
PGD-SPI,PGD,SPI,14082,14952
LAS-GTF,LAS,GTF,12889,12003
AZA-MSP,AZA,MSP,10466,13487
FNT-PGD,FNT,PGD,11721,14082
BLV-VPS,BLV,VPS,10676,15624
ELM-SFB,ELM,SFB,11537,14761
AZA-BIL,AZA,BIL,10466,10620
TYS-EWR,TYS,EWR,15412,11618
PIE-SYR,PIE,SYR,14112,15096
MSP-AZA,MSP,AZA,13487,10466
PGD-DAY,PGD,DAY,14082,11267
PGD-MDW,PGD,MDW,14082,13232
OMA-SFB,OMA,SFB,13871,14761
PGD-CAK,PGD,CAK,14082,10874
ATW-SRQ,ATW,SRQ,10408,14986
TVC-PIE,TVC,PIE,15380,14112
AZA-BOI,AZA,BOI,10466,10713
PVU-PHX,PVU,PHX,14314,14107
AZA-GEG,AZA,GEG,10466,11884
CHA-LAS,CHA,LAS,10980,12889
PIE-ALB,PIE,ALB,14112,10257
SAV-PGD,SAV,PGD,14685,14082
PGD-DSM,PGD,DSM,14082,11423
TOL-PGD,TOL,PGD,15295,14082
JAX-CVG,JAX,CVG,12451,11193
SFB-GSP,SFB,GSP,14761,11996
MLB-PIT,MLB,PIT,13360,14122
PBG-PIE,PBG,PIE,14025,14112
BOS-GRR,BOS,GRR,10721,11986
PIE-BLV,PIE,BLV,14112,10676
LAS-GRR,LAS,GRR,12889,11986
BIS-SFB,BIS,SFB,10627,14761
PIT-PIE,PIT,PIE,14122,14112
AUS-AVL,AUS,AVL,10423,10431
ALB-PGD,ALB,PGD,10257,14082
LAS-MOT,LAS,MOT,12889,13433
CVG-EYW,CVG,EYW,11193,11624
MDW-TYS,MDW,TYS,13232,15412
LAS-GJT,LAS,GJT,12889,11921
TYS-SBN,TYS,SBN,15412,14696
JAX-PIT,JAX,PIT,12451,14122
LAS-SBN,LAS,SBN,12889,14696
PIE-PIT,PIE,PIT,14112,14122
GRR-BNA,GRR,BNA,11986,10693
SFB-IND,SFB,IND,14761,12339
MLI-PIE,MLI,PIE,13367,14112
MCO-ABE,MCO,ABE,13204,10135
AVL-PGD,AVL,PGD,10431,14082
GRR-SFB,GRR,SFB,11986,14761
CVG-JAX,CVG,JAX,11193,12451
HGR-MYR,HGR,MYR,12119,13577
AZA-GRI,AZA,GRI,10466,11980
PIT-EYW,PIT,EYW,14122,11624
MYR-CVG,MYR,CVG,13577,11193
FLL-USA,FLL,USA,11697,12544
SAV-CAK,SAV,CAK,14685,10874
SRQ-AVL,SRQ,AVL,14986,10431
MYR-ABE,MYR,ABE,13577,10135
EWR-VPS,EWR,VPS,11618,15624
PGD-MCI,PGD,MCI,14082,13198
PIT-JAX,PIT,JAX,14122,12451
PIE-LEX,PIE,LEX,14112,12945
IDA-LAS,IDA,LAS,12280,12889
PIE-LCK,PIE,LCK,14112,12917
EYW-SFB,EYW,SFB,11624,14761
PGD-PBG,PGD,PBG,14082,14025
VPS-CAK,VPS,CAK,15624,10874
FNT-PDX,FNT,PDX,11721,14057
ABE-DEN,ABE,DEN,10135,11292
PDX-CVG,PDX,CVG,14057,11193
DEN-ABE,DEN,ABE,11292,10135
EVV-VPS,EVV,VPS,11612,15624
PIT-VPS,PIT,VPS,14122,15624
ROC-MIA,ROC,MIA,14576,13303
ORD-ATL,ORD,ATL,13930,10397
PHX-TUL,PHX,TUL,14107,15370
BZN-ORD,BZN,ORD,10849,13930
CMH-DCA,CMH,DCA,11066,11278
ABE-ORD,ABE,ORD,10135,13930
DFW-MLI,DFW,MLI,11298,13367
CVG-BOS,CVG,BOS,11193,10721
PHX-STS,PHX,STS,14107,15023
DFW-AVL,DFW,AVL,11298,10431
FLL-PHX,FLL,PHX,11697,14107
SJU-BOS,SJU,BOS,14843,10721
RNO-LAS,RNO,LAS,14570,12889
PHL-LAX,PHL,LAX,14100,12892
FLL-CLT,FLL,CLT,11697,11057
MCO-STT,MCO,STT,13204,15024
PSE-MCO,PSE,MCO,14254,13204
BHM-LAS,BHM,LAS,10599,12889
BWI-ABQ,BWI,ABQ,10821,10140
CMH-SRQ,CMH,SRQ,11066,14986
DEN-CVG,DEN,CVG,11292,11193
FLL-ISP,FLL,ISP,11697,12391
ISP-FLL,ISP,FLL,12391,11697
MDW-TUS,MDW,TUS,13232,15376
ORF-MCO,ORF,MCO,13931,13204
PHL-TPA,PHL,TPA,14100,15304
RNO-DAL,RNO,DAL,14570,11259
SAN-MSY,SAN,MSY,14679,13495
DEN-JAX,DEN,JAX,11292,12451
GSP-HOU,GSP,HOU,11996,12191
MCO-GRR,MCO,GRR,13204,11986
MCO-JAN,MCO,JAN,13204,12448
PHX-DTW,PHX,DTW,14107,11433
PVD-FLL,PVD,FLL,14307,11697
SJU-HOU,SJU,HOU,14843,12191
SJU-MDW,SJU,MDW,14843,13232
TPA-ISP,TPA,ISP,15304,12391
CLT-RDU,CLT,RDU,11057,14492
ORD-EGE,ORD,EGE,13930,11503
DFW-MSP,DFW,MSP,11298,13487
STT-CLT,STT,CLT,15024,11057
CLT-AUS,CLT,AUS,11057,10423
DFW-SJU,DFW,SJU,11298,14843
CHS-CLT,CHS,CLT,10994,11057
CLT-DAB,CLT,DAB,11057,11252
DFW-OMA,DFW,OMA,11298,13871
MGM-DFW,MGM,DFW,13277,11298
CLT-HHH,CLT,HHH,11057,12124
FAR-PHX,FAR,PHX,11637,14107
CVG-RDU,CVG,RDU,11193,14492
DFW-MOB,DFW,MOB,11298,13422
DAB-DFW,DAB,DFW,11252,11298
DCA-AGS,DCA,AGS,11278,10208
DCA-MSP,DCA,MSP,11278,13487
BMI-DFW,BMI,DFW,10685,11298
DRO-PHX,DRO,PHX,11413,14107
MSO-DFW,MSO,DFW,13486,11298
DFW-LAW,DFW,LAW,11298,12891
DFW-BHM,DFW,BHM,11298,10599
IND-MIA,IND,MIA,12339,13303
MIA-OKC,MIA,OKC,13303,13851
DFW-SAF,DFW,SAF,11298,14674
BTR-CLT,BTR,CLT,10781,11057
CLT-GNV,CLT,GNV,11057,11953
GNV-CLT,GNV,CLT,11953,11057
AUS-JAX,AUS,JAX,10423,12451
FAY-ATL,FAY,ATL,11641,10397
LGA-MEM,LGA,MEM,12953,13244
ATL-ABY,ATL,ABY,10397,10146
MSP-GRB,MSP,GRB,13487,11977
LGA-CHO,LGA,CHO,12953,10990
LAN-DTW,LAN,DTW,12884,11433
ATL-TRI,ATL,TRI,10397,15323
GTR-ATL,GTR,ATL,12007,10397
DTW-GRR,DTW,GRR,11433,11986
BTV-JFK,BTV,JFK,10785,12478
GSO-DTW,GSO,DTW,11995,11433
CLT-AVL,CLT,AVL,11057,10431
DAB-PHL,DAB,PHL,11252,14100
PHL-DAB,PHL,DAB,14100,11252
TYS-CLT,TYS,CLT,15412,11057
DCA-MHT,DCA,MHT,11278,13296
DCA-GRR,DCA,GRR,11278,11986
MEM-DCA,MEM,DCA,13244,11278
DAY-PHL,DAY,PHL,11267,14100
MLB-DCA,MLB,DCA,13360,11278
DCA-DTW,DCA,DTW,11278,11433
SHV-CLT,SHV,CLT,14814,11057
PHL-BHM,PHL,BHM,14100,10599
PIT-PHL,PIT,PHL,14122,14100
CLT-LIT,CLT,LIT,11057,12992
IND-DCA,IND,DCA,12339,11278
CLT-PGV,CLT,PGV,11057,14092
IAD-CHS,IAD,CHS,12264,10994
PWM-EWR,PWM,EWR,14321,11618
SNA-EWR,SNA,EWR,14908,11618
SDF-IAH,SDF,IAH,14730,12266
IAH-MEM,IAH,MEM,12266,13244
SHV-ATL,SHV,ATL,14814,10397
HNL-DFW,HNL,DFW,12173,11298
DFW-GEG,DFW,GEG,11298,11884
ECP-DFW,ECP,DFW,11481,11298
MIA-MEM,MIA,MEM,13303,13244
DCA-VPS,DCA,VPS,11278,15624
SAN-CLT,SAN,CLT,14679,11057
DFW-ORF,DFW,ORF,11298,13931
CLT-STT,CLT,STT,11057,15024
CID-PHX,CID,PHX,11003,14107
MSP-CLT,MSP,CLT,13487,11057
JFK-SNA,JFK,SNA,12478,14908
SJC-DFW,SJC,DFW,14831,11298
PHX-MEM,PHX,MEM,14107,13244
CLT-SAN,CLT,SAN,11057,14679
PHX-CVG,PHX,CVG,14107,11193
SAT-SFO,SAT,SFO,14683,14771
DRO-DEN,DRO,DEN,11413,11292
OGG-ORD,OGG,ORD,13830,13930
EWR-STT,EWR,STT,11618,15024
IAH-JAC,IAH,JAC,12266,12441
IAD-PIT,IAD,PIT,12264,14122
IAH-ELP,IAH,ELP,12266,11540
LGB-MCI,LGB,MCI,12954,13198
MCI-IND,MCI,IND,13198,12339
STL-PNS,STL,PNS,15016,14193
BWI-ECP,BWI,ECP,10821,11481
BWI-MEM,BWI,MEM,10821,13244
DAL-BZN,DAL,BZN,11259,10849
DAL-ORF,DAL,ORF,11259,13931
DAL-PDX,DAL,PDX,11259,14057
DEN-PNS,DEN,PNS,11292,14193
JAX-DAL,JAX,DAL,12451,11259
LAS-BUF,LAS,BUF,12889,10792
MYR-STL,MYR,STL,13577,15016
CLT-HOU,CLT,HOU,11057,12191
PHL-DAL,PHL,DAL,14100,11259
PIT-HOU,PIT,HOU,14122,12191
RDU-MCI,RDU,MCI,14492,13198
JAC-DFW,JAC,DFW,12441,11298
MIA-RIC,MIA,RIC,13303,14524
BOS-LGA,BOS,LGA,10721,12953
DFW-PWM,DFW,PWM,11298,14321
DFW-FCA,DFW,FCA,11298,11648
DCA-MVY,DCA,MVY,11278,13541
BDL-PBI,BDL,PBI,10529,14027
LGA-MVY,LGA,MVY,12953,13541
ATL-HNL,ATL,HNL,10397,12173
HNL-DTW,HNL,DTW,12173,11433
ATL-SNA,ATL,SNA,10397,14908
HNL-SLC,HNL,SLC,12173,14869
BDL-MSP,BDL,MSP,10529,13487
ATL-SJC,ATL,SJC,10397,14831
SRQ-MSP,SRQ,MSP,14986,13487
SLC-BZN,SLC,BZN,14869,10849
MCI-SLC,MCI,SLC,13198,14869
SLC-TPA,SLC,TPA,14869,15304
TLH-ATL,TLH,ATL,15249,10397
BTV-ATL,BTV,ATL,10785,10397
SNA-MSP,SNA,MSP,14908,13487
DAB-ATL,DAB,ATL,11252,10397
CVG-SLC,CVG,SLC,11193,14869
MSP-MKE,MSP,MKE,13487,13342
MSP-MEM,MSP,MEM,13487,13244
CVG-FLL,CVG,FLL,11193,11697
CMH-MSP,CMH,MSP,11066,13487
ABQ-SLC,ABQ,SLC,10140,14869
MSP-RIC,MSP,RIC,13487,14524
ATL-TLH,ATL,TLH,10397,15249
MCI-BOS,MCI,BOS,13198,10721
MSP-MSO,MSP,MSO,13487,13486
SLC-DCA,SLC,DCA,14869,11278
LGA-PHX,LGA,PHX,12953,14107
ATL-SMF,ATL,SMF,10397,14893
PBI-MSP,PBI,MSP,14027,13487
SBP-DEN,SBP,DEN,14698,11292
DEN-SBP,DEN,SBP,11292,14698
IAH-HDN,IAH,HDN,12266,12094
HDN-IAH,HDN,IAH,12094,12266
EYW-IAD,EYW,IAD,11624,12264
IAD-PBI,IAD,PBI,12264,14027
LAX-RSW,LAX,RSW,12892,14635
EWR-HDN,EWR,HDN,11618,12094
HDN-IAD,HDN,IAD,12094,12264
PBI-LAX,PBI,LAX,14027,12892
DTW-MSP,DTW,MSP,11433,13487
LAS-LGA,LAS,LGA,12889,12953
SJU-MSP,SJU,MSP,14843,13487
PSP-MSP,PSP,MSP,14262,13487
ATL-TUS,ATL,TUS,10397,15376
MSP-GEG,MSP,GEG,13487,11884
RDU-DTW,RDU,DTW,14492,11433
PWM-ATL,PWM,ATL,14321,10397
GSP-DTW,GSP,DTW,11996,11433
OMA-MSP,OMA,MSP,13871,13487
LGB-COS,LGB,COS,12954,11109
BNA-BUR,BNA,BUR,10693,10800
AUS-SJU,AUS,SJU,10423,14843
DAL-TUS,DAL,TUS,11259,15376
MCO-ABQ,MCO,ABQ,13204,10140
MCO-SMF,MCO,SMF,13204,14893
BOI-LGB,BOI,LGB,10713,12954
LGB-PDX,LGB,PDX,12954,14057
LGA-PHL,LGA,PHL,12953,14100
BOS-IND,BOS,IND,10721,12339
LGA-OMA,LGA,OMA,12953,13871
PHL-BGR,PHL,BGR,14100,10581
PHL-LGA,PHL,LGA,14100,12953
SDF-BOS,SDF,BOS,14730,10721
DCA-HHH,DCA,HHH,11278,12124
DTW-MDT,DTW,MDT,11433,13230
DFW-ALB,DFW,ALB,11298,10257
EUG-DFW,EUG,DFW,11603,11298
SIT-SEA,SIT,SEA,14828,14747
DFW-BTV,DFW,BTV,11298,10785
RIC-MIA,RIC,MIA,14524,13303
KOA-PHX,KOA,PHX,12758,14107
MTJ-DFW,MTJ,DFW,13502,11298
CLT-GEG,CLT,GEG,11057,11884
JAC-CLT,JAC,CLT,12441,11057
CAE-ORD,CAE,ORD,10868,13930
FAT-LAX,FAT,LAX,11638,12892
ASE-SFO,ASE,SFO,10372,14771
IAH-COS,IAH,COS,12266,11109
LAX-FAT,LAX,FAT,12892,11638
DEN-GSP,DEN,GSP,11292,11996
DEN-BFL,DEN,BFL,11292,10561
MSP-FWA,MSP,FWA,13487,11823
ORD-ILM,ORD,ILM,13930,12323
SUN-LAX,SUN,LAX,15041,12892
JAC-SAN,JAC,SAN,12441,14679
GEG-PDX,GEG,PDX,11884,14057
ANC-IAD,ANC,IAD,10299,12264
BNA-ONT,BNA,ONT,10693,13891
GSP-BNA,GSP,BNA,11996,10693
MDW-BZN,MDW,BZN,13232,10849
SAT-BUR,SAT,BUR,14683,10800
PHX-GRR,PHX,GRR,14107,11986
VPS-SDF,VPS,SDF,15624,14730
PHX-TYS,PHX,TYS,14107,15412
PIE-GSP,PIE,GSP,14112,11996
SBN-LAS,SBN,LAS,14696,12889
FLL-ABE,FLL,ABE,11697,10135
TYS-LAS,TYS,LAS,15412,12889
SFB-SYR,SFB,SYR,14761,15096
FAR-SFB,FAR,SFB,11637,14761
SBN-LGA,SBN,LGA,14696,12953
BUF-IAD,BUF,IAD,10792,12264
BZN-IAD,BZN,IAD,10849,12264
ROC-IAD,ROC,IAD,14576,12264
CLT-FAY,CLT,FAY,11057,11641
DEN-PVD,DEN,PVD,11292,14307
LAS-ALB,LAS,ALB,12889,10257
LAS-ROC,LAS,ROC,12889,14576
OMA-FLL,OMA,FLL,13871,11697
LIT-PHX,LIT,PHX,12992,14107
MSY-OAK,MSY,OAK,13495,13796
AUS-MKE,AUS,MKE,10423,13342
PBI-BNA,PBI,BNA,14027,10693
TPA-GRR,TPA,GRR,15304,11986
MCO-LGB,MCO,LGB,13204,12954
IAD-SBN,IAD,SBN,12264,14696
EWR-BGR,EWR,BGR,11618,10581
IAD-SAV,IAD,SAV,12264,14685
MCI-IAD,MCI,IAD,13198,12264
BZN-JFK,BZN,JFK,10849,12478
BNA-ABQ,BNA,ABQ,10693,10140
BNA-JAN,BNA,JAN,10693,12448
LGA-GRB,LGA,GRB,12953,11977
AGS-BOS,AGS,BOS,10208,10721
ATL-HHH,ATL,HHH,10397,12124
BOS-ORF,BOS,ORF,10721,13931
EWR-GSO,EWR,GSO,11618,11995
SDF-AUS,SDF,AUS,14730,10423
MDW-GEG,MDW,GEG,13232,11884
BZN-BNA,BZN,BNA,10849,10693
DAL-BOI,DAL,BOI,11259,10713
JAX-MCI,JAX,MCI,12451,13198
MKE-SAN,MKE,SAN,13342,14679
STL-ORF,STL,ORF,15016,13931
TVC-LGA,TVC,LGA,15380,12953
TVC-PHL,TVC,PHL,15380,14100
HYA-ORD,HYA,ORD,12250,13930
SMF-DTW,SMF,DTW,14893,11433
ILM-MSP,ILM,MSP,12323,13487
MSP-ILM,MSP,ILM,13487,12323
PIT-SLC,PIT,SLC,14122,14869
JFK-MHT,JFK,MHT,12478,13296
FLL-BLV,FLL,BLV,11697,10676
CAK-VPS,CAK,VPS,10874,15624
DFW-MLU,DFW,MLU,11298,13377
ABQ-CLT,ABQ,CLT,10140,11057
CLT-ABQ,CLT,ABQ,11057,10140
PHL-ABQ,PHL,ABQ,14100,10140
OGG-ANC,OGG,ANC,13830,10299
RDU-BDL,RDU,BDL,14492,10529
MDW-DFW,MDW,DFW,13232,11298
TTN-MCO,TTN,MCO,15356,13204
MCO-MDT,MCO,MDT,13204,13230
FLL-TTN,FLL,TTN,11697,15356
GJT-LAX,GJT,LAX,11921,12892
PIE-PSM,PIE,PSM,14112,14259
MYR-LEX,MYR,LEX,13577,12945
HTS-MYR,HTS,MYR,12223,13577
LAX-ICT,LAX,ICT,12892,12278
MFR-LAX,MFR,LAX,13264,12892
MEM-VPS,MEM,VPS,13244,15624
SFB-GPT,SFB,GPT,14761,11973
PIT-CHS,PIT,CHS,14122,10994
SFB-ROC,SFB,ROC,14761,14576
IND-MYR,IND,MYR,12339,13577
JAX-BLV,JAX,BLV,12451,10676
JAX-ORF,JAX,ORF,12451,13931
DSM-SAN,DSM,SAN,11423,14679
OAK-MSO,OAK,MSO,13796,13486
ICT-LAX,ICT,LAX,12278,12892
PIE-TUL,PIE,TUL,14112,15370
VPS-LEX,VPS,LEX,15624,12945
PDX-SBP,PDX,SBP,14057,14698
MOB-IAH,MOB,IAH,13422,12266
DFW-TXK,DFW,TXK,11298,15401
SLC-CNY,SLC,CNY,14869,11092
PDX-SBA,PDX,SBA,14057,14689
ECP-IAH,ECP,IAH,11481,12266
BOS-HOU,BOS,HOU,10721,12191
PHF-CLT,PHF,CLT,14098,11057
AZA-TOL,AZA,TOL,10466,15295
PGD-CHA,PGD,CHA,14082,10980
SRQ-ALB,SRQ,ALB,14986,10257
FLL-HDN,FLL,HDN,11697,12094
MSP-FAI,MSP,FAI,13487,11630
PWM-MSP,PWM,MSP,14321,13487
TPA-MCO,TPA,MCO,15304,13204
BOS-MSN,BOS,MSN,10721,13485
SBN-EWR,SBN,EWR,14696,11618
MYR-BDL,MYR,BDL,13577,10529
LAS-CHS,LAS,CHS,12889,10994
LBE-MCO,LBE,MCO,12898,13204
PHL-SCE,PHL,SCE,14100,14711
MLI-CLT,MLI,CLT,13367,11057
SEA-FCA,SEA,FCA,14747,11648
PHX-ASE,PHX,ASE,14107,10372
MTJ-LAX,MTJ,LAX,13502,12892
LAX-BHM,LAX,BHM,12892,10599
SYR-RSW,SYR,RSW,15096,14635
PDX-AZA,PDX,AZA,14057,10466
HNL-AUS,HNL,AUS,12173,10423
DFW-FWA,DFW,FWA,11298,11823
HSV-MIA,HSV,MIA,12217,13303
MIA-HSV,MIA,HSV,13303,12217
ICT-DCA,ICT,DCA,12278,11278
TPA-CHS,TPA,CHS,15304,10994
TPA-ORF,TPA,ORF,15304,13931
MYR-ACY,MYR,ACY,13577,10158
LAS-SBP,LAS,SBP,12889,14698
TUS-SNA,TUS,SNA,15376,14908
LAX-MTJ,LAX,MTJ,12892,13502
BOI-PSP,BOI,PSP,10713,14262
MSN-IAH,MSN,IAH,13485,12266
TYS-TPA,TYS,TPA,15412,15304
ATW-DFW,ATW,DFW,10408,11298
LAX-ATW,LAX,ATW,12892,10408
IAH-SGF,IAH,SGF,12266,14783
ATL-RNO,ATL,RNO,10397,14570
RNO-ATL,RNO,ATL,14570,10397
EUG-IND,EUG,IND,11603,12339
MHT-EWR,MHT,EWR,13296,11618
MSY-SJU,MSY,SJU,13495,14843
LGA-FCA,LGA,FCA,12953,11648
XNA-PHL,XNA,PHL,15919,14100
EWR-CAE,EWR,CAE,11618,10868
MCO-CHA,MCO,CHA,13204,10980
LBE-MYR,LBE,MYR,12898,13577
ECP-PHL,ECP,PHL,11481,14100
TVC-IAD,TVC,IAD,15380,12264
SBA-SLC,SBA,SLC,14689,14869
DEN-CRP,DEN,CRP,11292,11140
SPI-ORD,SPI,ORD,14952,13930
EVV-ORD,EVV,ORD,11612,13930
BHM-COU,BHM,COU,10599,11111
BNA-BTR,BNA,BTR,10693,10781
BTR-BNA,BTR,BNA,10781,10693
GNV-AUS,GNV,AUS,11953,10423
GNV-CLL,GNV,CLL,11953,11049
GRB-PHX,GRB,PHX,11977,14107
EAR-DEN,EAR,DEN,11468,11292
IAH-SLN,IAH,SLN,12266,14877
LAX-SAF,LAX,SAF,12892,14674
SEA-IDA,SEA,IDA,14747,12280
PDX-MFR,PDX,MFR,14057,13264
HPN-BOS,HPN,BOS,12197,10721
BOS-HPN,BOS,HPN,10721,12197
FLL-PIA,FLL,PIA,11697,14108
IMT-ESC,IMT,ESC,12335,11587
IND-MSY,IND,MSY,12339,13495
MSY-IND,MSY,IND,13495,12339
CHS-CLE,CHS,CLE,10994,11042
MIA-PVD,MIA,PVD,13303,14307
SRQ-RIC,SRQ,RIC,14986,14524
ORD-MVY,ORD,MVY,13930,13541
LAS-ACY,LAS,ACY,12889,10158
SEA-SUN,SEA,SUN,14747,15041
EGE-SAN,EGE,SAN,11503,14679
SAV-AVL,SAV,AVL,14685,10431
PLN-ORD,PLN,ORD,14150,13930
RHI-ORD,RHI,ORD,14520,13930
CIU-ORD,CIU,ORD,11013,13930
IAH-JAN,IAH,JAN,12266,12448
TYS-OKC,TYS,OKC,15412,13851
TOL-SRQ,TOL,SRQ,15295,14986
PGD-MSY,PGD,MSY,14082,13495
GUF-BNA,GUF,BNA,16422,10693
BNA-GUF,BNA,GUF,10693,16422
SGF-MIA,SGF,MIA,14783,13303
EWR-PSP,EWR,PSP,11618,14262
DFW-SPI,DFW,SPI,11298,14952
ISP-RDU,ISP,RDU,12391,14492
SDF-JFK,SDF,JFK,14730,12478
CLL-MIA,CLL,MIA,11049,13303
PHL-ISP,PHL,ISP,14100,12391
MEM-MSY,MEM,MSY,13244,13495
ORD-GUC,ORD,GUC,13930,12012
BOS-ISP,BOS,ISP,10721,12391
PIT-SDF,PIT,SDF,14122,14730
DEN-SCK,DEN,SCK,11292,14716
SCK-DEN,SCK,DEN,14716,11292
SBN-BOI,SBN,BOI,14696,10713
KOA-SLC,KOA,SLC,12758,14869
LAX-ITO,LAX,ITO,12892,12402
GJT-VEL,GJT,VEL,11921,15582
XNA-BTR,XNA,BTR,15919,10781
IAG-CVG,IAG,CVG,12265,11193
AUS-SAF,AUS,SAF,10423,14674
ECP-BOS,ECP,BOS,11481,10721
SFO-RAP,SFO,RAP,14771,14457
CMH-PDX,CMH,PDX,11066,14057
SBN-BOS,SBN,BOS,14696,10721
MSN-AUS,MSN,AUS,13485,10423
GSP-BOS,GSP,BOS,11996,10721
LBB-SLC,LBB,SLC,12896,14869
BNA-ELP,BNA,ELP,10693,11540
PHX-SUN,PHX,SUN,14107,15041
CLT-ASE,CLT,ASE,11057,10372
EGE-MSP,EGE,MSP,11503,13487
HTS-CLT,HTS,CLT,12223,11057
FSD-SNA,FSD,SNA,11775,14908
MDT-PHX,MDT,PHX,13230,14107
SBN-SYR,SBN,SYR,14696,15096
DAB-BOS,DAB,BOS,11252,10721
PIT-CMH,PIT,CMH,14122,11066
SAN-PAE,SAN,PAE,14679,14004
CID-SEA,CID,SEA,11003,14747
MKE-JAX,MKE,JAX,13342,12451
JAX-MKE,JAX,MKE,12451,13342
LAX-BUR,LAX,BUR,12892,10800
GRB-SEA,GRB,SEA,11977,14747
BTV-SFB,BTV,SFB,10785,14761
MSY-BUF,MSY,BUF,13495,10792
BUR-FLL,BUR,FLL,10800,11697
ORD-CLL,ORD,CLL,13930,11049
CMH-CID,CMH,CID,11066,11003
SDF-DFW,SDF,DFW,14730,11298
CWA-ORD,CWA,ORD,11203,13930
DFW-ELP,DFW,ELP,11298,11540
CID-DFW,CID,DFW,11003,11298
SDF-ORD,SDF,ORD,14730,13930
MIA-MSY,MIA,MSY,13303,13495
ATW-ORD,ATW,ORD,10408,13930
MIA-EYW,MIA,EYW,13303,11624
MEM-ORD,MEM,ORD,13244,13930
SAF-PHX,SAF,PHX,14674,14107
MIA-JAX,MIA,JAX,13303,12451
ALO-ORD,ALO,ORD,10268,13930
DFW-DRO,DFW,DRO,11298,11413
AZO-ORD,AZO,ORD,10469,13930
DFW-CRP,DFW,CRP,11298,11140
ORD-SLC,ORD,SLC,13930,14869
SLC-ORD,SLC,ORD,14869,13930
XNA-DFW,XNA,DFW,15919,11298
MRY-DFW,MRY,DFW,13476,11298
PHX-BFL,PHX,BFL,14107,10561
PHX-BIL,PHX,BIL,14107,10620
MIA-AUS,MIA,AUS,13303,10423
DFW-BRO,DFW,BRO,11298,10747
AUS-BNA,AUS,BNA,10423,10693
SYR-ORD,SYR,ORD,15096,13930
BNA-ORD,BNA,ORD,10693,13930
MSN-DFW,MSN,DFW,13485,11298
ORD-TYS,ORD,TYS,13930,15412
AUS-MSY,AUS,MSY,10423,13495
XNA-DCA,XNA,DCA,15919,11278
ORD-DTW,ORD,DTW,13930,11433
XNA-ORD,XNA,ORD,15919,13930
ORD-LEX,ORD,LEX,13930,12945
LEX-DFW,LEX,DFW,12945,11298
ORF-ORD,ORF,ORD,13931,13930
GRK-DFW,GRK,DFW,11982,11298
ORD-LAN,ORD,LAN,13930,12884
MIA-HPN,MIA,HPN,13303,12197
HPN-MIA,HPN,MIA,12197,13303
ORD-AUS,ORD,AUS,13930,10423
DCA-CVG,DCA,CVG,11278,11193
LFT-DFW,LFT,DFW,12951,11298
DFW-HSV,DFW,HSV,11298,12217
MIA-LAS,MIA,LAS,13303,12889
MCO-DFW,MCO,DFW,13204,11298
ATL-DFW,ATL,DFW,10397,11298
SAT-LAS,SAT,LAS,14683,12889
CLE-LAS,CLE,LAS,11042,12889
RSW-MSP,RSW,MSP,14635,13487
ATL-CLE,ATL,CLE,10397,11042
STL-LAS,STL,LAS,15016,12889
DFW-CLE,DFW,CLE,11298,11042
BNA-EWR,BNA,EWR,10693,11618
ATL-BWI,ATL,BWI,10397,10821
TPA-ORD,TPA,ORD,15304,13930
ATL-MCO,ATL,MCO,10397,13204
ORD-RSW,ORD,RSW,13930,14635
LGA-DTW,LGA,DTW,12953,11433
LAS-PHL,LAS,PHL,12889,14100
MCI-LAS,MCI,LAS,13198,12889
ATL-ORD,ATL,ORD,10397,13930
IAH-MCO,IAH,MCO,12266,13204
PHL-SJU,PHL,SJU,14100,14843
ATL-TPA,ATL,TPA,10397,15304
EWR-FLL,EWR,FLL,11618,11697
MSY-ATL,MSY,ATL,13495,10397
FLL-MCO,FLL,MCO,11697,13204
TPA-FLL,TPA,FLL,15304,11697
LAS-BUR,LAS,BUR,12889,10800
MCO-CMH,MCO,CMH,13204,11066
LAS-OAK,LAS,OAK,12889,13796
ORD-MCO,ORD,MCO,13930,13204
PDX-LAS,PDX,LAS,14057,12889
RIC-FLL,RIC,FLL,14524,11697
MCO-CRW,MCO,CRW,13204,11146
BWI-MIA,BWI,MIA,10821,13303
CLE-LAX,CLE,LAX,11042,12892
MYR-DTW,MYR,DTW,13577,11433
CMH-LAS,CMH,LAS,11066,12889
BWI-MSP,BWI,MSP,10821,13487
MCO-MYR,MCO,MYR,13204,13577
SAN-LAS,SAN,LAS,14679,12889
LAS-CLT,LAS,CLT,12889,11057
DTW-PHL,DTW,PHL,11433,14100
SNA-SJC,SNA,SJC,14908,14831
SRQ-BNA,SRQ,BNA,14986,10693
SRQ-CMH,SRQ,CMH,14986,11066
STL-CLE,STL,CLE,15016,11042
STL-ICT,STL,ICT,15016,12278
STL-LGA,STL,LGA,15016,12953
STL-MIA,STL,MIA,15016,13303
STL-MSY,STL,MSY,15016,13495
STL-OMA,STL,OMA,15016,13871
STL-RSW,STL,RSW,15016,14635
STL-SJC,STL,SJC,15016,14831
STL-TPA,STL,TPA,15016,15304
STL-TUL,STL,TUL,15016,15370
TPA-MKE,TPA,MKE,15304,13342
ABQ-BUR,ABQ,BUR,10140,10800
ATL-AUS,ATL,AUS,10397,10423
ATL-BNA,ATL,BNA,10397,10693
ATL-GSP,ATL,GSP,10397,11996
ATL-MDW,ATL,MDW,10397,13232
ATL-STL,ATL,STL,10397,15016
AUS-MAF,AUS,MAF,10423,13158
AUS-SLC,AUS,SLC,10423,14869
BDL-TPA,BDL,TPA,10529,15304
BNA-BWI,BNA,BWI,10693,10821
BNA-CLT,BNA,CLT,10693,11057
BNA-ORF,BNA,ORF,10693,13931
BNA-PNS,BNA,PNS,10693,14193
BNA-RSW,BNA,RSW,10693,14635
BUR-SFO,BUR,SFO,10800,14771
BUR-SJC,BUR,SJC,10800,14831
BWI-BOS,BWI,BOS,10821,10721
BWI-MSY,BWI,MSY,10821,13495
BWI-ROC,BWI,ROC,10821,14576
BWI-TPA,BWI,TPA,10821,15304
CHS-DAL,CHS,DAL,10994,11259
CHS-DEN,CHS,DEN,10994,11292
CLT-DAL,CLT,DAL,11057,11259
CLT-MDW,CLT,MDW,11057,13232
CMH-AUS,CMH,AUS,11066,10423
CMH-STL,CMH,STL,11066,15016
DAL-BHM,DAL,BHM,11259,10599
DAL-CHS,DAL,CHS,11259,10994
DAL-DCA,DAL,DCA,11259,11278
DAL-LAS,DAL,LAS,11259,12889
DAL-MCI,DAL,MCI,11259,13198
DAL-MIA,DAL,MIA,11259,13303
DAL-MSY,DAL,MSY,11259,13495
DAL-OMA,DAL,OMA,11259,13871
DAL-PHX,DAL,PHX,11259,14107
DAL-TPA,DAL,TPA,11259,15304
DAL-VPS,DAL,VPS,11259,15624
DCA-DAL,DCA,DAL,11278,11259
DCA-MDW,DCA,MDW,11278,13232
DCA-PVD,DCA,PVD,11278,14307
DCA-TPA,DCA,TPA,11278,15304
DEN-CHS,DEN,CHS,11292,10994
DEN-CLE,DEN,CLE,11292,11042
DEN-CMH,DEN,CMH,11292,11066
DEN-MEM,DEN,MEM,11292,13244
DEN-SJC,DEN,SJC,11292,14831
DEN-TUS,DEN,TUS,11292,15376
DTW-STL,DTW,STL,11433,15016
ELP-HOU,ELP,HOU,11540,12191
ELP-SAN,ELP,SAN,11540,14679
FLL-CMH,FLL,CMH,11697,11066
GEG-SJC,GEG,SJC,11884,14831
HNL-OGG,HNL,OGG,12173,13830
HOU-CRP,HOU,CRP,12191,11140
HOU-LGA,HOU,LGA,12191,12953
HOU-MCO,HOU,MCO,12191,13204
HOU-MEM,HOU,MEM,12191,13244
HOU-SAV,HOU,SAV,12191,14685
HOU-SNA,HOU,SNA,12191,14908
HRL-DAL,HRL,DAL,12206,11259
IAH-BNA,IAH,BNA,12266,10693
ICT-DEN,ICT,DEN,12278,11292
KOA-SJC,KOA,SJC,12758,14831
LAS-BNA,LAS,BNA,12889,10693
LAS-HOU,LAS,HOU,12889,12191
LAS-IND,LAS,IND,12889,12339
LAS-ONT,LAS,ONT,12889,13891
LAX-ABQ,LAX,ABQ,12892,10140
LAX-HOU,LAX,HOU,12892,12191
LAX-MDW,LAX,MDW,12892,13232
LAX-SAT,LAX,SAT,12892,14683
LAX-SMF,LAX,SMF,12892,14893
LGB-SMF,LGB,SMF,12954,14893
LIT-DAL,LIT,DAL,12992,11259
MCI-ATL,MCI,ATL,13198,10397
MCO-DAL,MCO,DAL,13204,11259
MCO-PIT,MCO,PIT,13204,14122
MDW-ALB,MDW,ALB,13232,10257
MDW-BOS,MDW,BOS,13232,10721
MDW-COS,MDW,COS,13232,11109
MDW-DCA,MDW,DCA,13232,11278
MDW-PHX,MDW,PHX,13232,14107
MDW-RDU,MDW,RDU,13232,14492
MDW-SDF,MDW,SDF,13232,14730
MDW-SNA,MDW,SNA,13232,14908
MDW-TPA,MDW,TPA,13232,15304
MEM-DEN,MEM,DEN,13244,11292
MKE-DAL,MKE,DAL,13342,11259
MKE-PHX,MKE,PHX,13342,14107
MSP-PHX,MSP,PHX,13487,14107
MSY-FLL,MSY,FLL,13495,11697
MSY-LAX,MSY,LAX,13495,12892
MSY-SAT,MSY,SAT,13495,14683
MYR-BWI,MYR,BWI,13577,10821
OAK-GEG,OAK,GEG,13796,11884
OAK-MCI,OAK,MCI,13796,13198
OGG-SJC,OGG,SJC,13830,14831
ONT-SJC,ONT,SJC,13891,14831
ORF-BWI,ORF,BWI,13931,10821
ORF-MDW,ORF,MDW,13931,13232
PBI-BWI,PBI,BWI,14027,10821
PHX-LAX,PHX,LAX,14107,12892
PHX-OAK,PHX,OAK,14107,13796
PHX-OKC,PHX,OKC,14107,13851
PHX-PDX,PHX,PDX,14107,14057
PHX-SNA,PHX,SNA,14107,14908
PIT-DEN,PIT,DEN,14122,11292
PWM-BWI,PWM,BWI,14321,10821
RNO-SJC,RNO,SJC,14570,14831
RSW-IND,RSW,IND,14635,12339
SAN-AUS,SAN,AUS,14679,10423
SAN-DAL,SAN,DAL,14679,11259
SAT-LAX,SAT,LAX,14683,12892
SBA-SMF,SBA,SMF,14689,14893
SDF-ATL,SDF,ATL,14730,10397
SDF-DEN,SDF,DEN,14730,11292
SDF-MCO,SDF,MCO,14730,13204
SEA-SJC,SEA,SJC,14747,14831
SJC-OGG,SJC,OGG,14831,13830
SLC-BUR,SLC,BUR,14869,10800
SLC-DAL,SLC,DAL,14869,11259
SLC-MDW,SLC,MDW,14869,13232
SLC-SMF,SLC,SMF,14869,14893
SMF-DEN,SMF,DEN,14893,11292
SNA-DEN,SNA,DEN,14908,11292
ORD-PBI,ORD,PBI,13930,14027
DFW-TPA,DFW,TPA,11298,15304
MIA-BDL,MIA,BDL,13303,10529
OKC-DFW,OKC,DFW,13851,11298
CMH-DFW,CMH,DFW,11066,11298
BOS-DFW,BOS,DFW,10721,11298
DFW-BOS,DFW,BOS,11298,10721
MCI-PHL,MCI,PHL,13198,14100
LGA-DCA,LGA,DCA,12953,11278
TPA-CLT,TPA,CLT,15304,11057
PBI-CLT,PBI,CLT,14027,11057
PHX-FAT,PHX,FAT,14107,11638
CLT-JAX,CLT,JAX,11057,12451
MIA-DCA,MIA,DCA,13303,11278
CLT-MDT,CLT,MDT,11057,13230
AVP-CLT,AVP,CLT,10434,11057
DFW-DSM,DFW,DSM,11298,11423
CLT-EWR,CLT,EWR,11057,11618
BOS-LAX,BOS,LAX,10721,12892
MIA-STT,MIA,STT,13303,15024
PSP-ORD,PSP,ORD,14262,13930
PHL-BOS,PHL,BOS,14100,10721
DFW-LGA,DFW,LGA,11298,12953
SDF-CLT,SDF,CLT,14730,11057
DFW-SLC,DFW,SLC,11298,14869
CLT-PHL,CLT,PHL,11057,14100
RSW-PHL,RSW,PHL,14635,14100
DFW-PDX,DFW,PDX,11298,14057
BOS-PHX,BOS,PHX,10721,14107
LGA-BGM,LGA,BGM,12953,10577
DTW-ALB,DTW,ALB,11433,10257
DTW-CVG,DTW,CVG,11433,11193
IND-DTW,IND,DTW,12339,11433
LGA-PVD,LGA,PVD,12953,14307
JFK-CLT,JFK,CLT,12478,11057
LGA-GRR,LGA,GRR,12953,11986
DTW-MQT,DTW,MQT,11433,13459
IND-LGA,IND,LGA,12339,12953
LGA-CVG,LGA,CVG,12953,11193
LGA-DSM,LGA,DSM,12953,11423
ILM-ATL,ILM,ATL,12323,10397
GSP-LGA,GSP,LGA,11996,12953
DTW-CLE,DTW,CLE,11433,11042
LGA-GSO,LGA,GSO,12953,11995
IND-MSP,IND,MSP,12339,13487
CMH-JFK,CMH,JFK,11066,12478
IND-JFK,IND,JFK,12339,12478
CHO-LGA,CHO,LGA,10990,12953
ORF-PHL,ORF,PHL,13931,14100
PHL-MYR,PHL,MYR,14100,13577
TLH-DCA,TLH,DCA,15249,11278
PWM-PHL,PWM,PHL,14321,14100
ALB-DCA,ALB,DCA,10257,11278
SYR-CLT,SYR,CLT,15096,11057
DCA-SRQ,DCA,SRQ,11278,14986
DCA-TYS,DCA,TYS,11278,15412
DCA-MYR,DCA,MYR,11278,13577
IAD-SFO,IAD,SFO,12264,14771
DSM-IAH,DSM,IAH,11423,12266
IAH-GRR,IAH,GRR,12266,11986
IAH-TUS,IAH,TUS,12266,15376
SFO-PIT,SFO,PIT,14771,14122
BQN-EWR,BQN,EWR,10732,11618
BOS-IAD,BOS,IAD,10721,12264
DEN-EWR,DEN,EWR,11292,11618
EWR-DEN,EWR,DEN,11618,11292
IAD-MIA,IAD,MIA,12264,13303
BOS-SFO,BOS,SFO,10721,14771
SJC-IAH,SJC,IAH,14831,12266
IAD-LAS,IAD,LAS,12264,12889
PDX-ORD,PDX,ORD,14057,13930
DCA-IAH,DCA,IAH,11278,12266
IAH-PNS,IAH,PNS,12266,14193
SJU-IAH,SJU,IAH,14843,12266
EWR-MSY,EWR,MSY,11618,13495
IAH-IAD,IAH,IAD,12266,12264
HNL-DEN,HNL,DEN,12173,11292
HNL-EWR,HNL,EWR,12173,11618
CLE-IAH,CLE,IAH,11042,12266
AUS-SFO,AUS,SFO,10423,14771
SNA-SFO,SNA,SFO,14908,14771
SFO-MCO,SFO,MCO,14771,13204
HNL-GUM,HNL,GUM,12173,12016
GUM-HNL,GUM,HNL,12016,12173
GUM-SPN,GUM,SPN,12016,14955
RDU-SFO,RDU,SFO,14492,14771
IAH-SAN,IAH,SAN,12266,14679
SAV-EWR,SAV,EWR,14685,11618
IAH-PDX,IAH,PDX,12266,14057
ORF-DEN,ORF,DEN,13931,11292
MSP-EWR,MSP,EWR,13487,11618
MSO-DEN,MSO,DEN,13486,11292
TPA-IAD,TPA,IAD,15304,12264
RIC-IAH,RIC,IAH,14524,12266
IAH-ABQ,IAH,ABQ,12266,10140
DEN-LIH,DEN,LIH,11292,12982
IAH-SNA,IAH,SNA,12266,14908
PSP-SFO,PSP,SFO,14262,14771
PNS-ORD,PNS,ORD,14193,13930
SFO-SAT,SFO,SAT,14771,14683
ORD-PWM,ORD,PWM,13930,14321
SFO-SLC,SFO,SLC,14771,14869
ORD-JAC,ORD,JAC,13930,12441
DEN-MFR,DEN,MFR,11292,13264
RAP-ORD,RAP,ORD,14457,13930
ORD-MYR,ORD,MYR,13930,13577
ORD-RNO,ORD,RNO,13930,14570
IAH-CVG,IAH,CVG,12266,11193
LIH-SFO,LIH,SFO,12982,14771
DEN-PWM,DEN,PWM,11292,14321
SFO-KOA,SFO,KOA,14771,12758
MFR-DEN,MFR,DEN,13264,11292
IAD-STT,IAD,STT,12264,15024
MSO-ORD,MSO,ORD,13486,13930
IAD-PWM,IAD,PWM,12264,14321
SFO-JAC,SFO,JAC,14771,12441
BRW-ANC,BRW,ANC,10754,10299
CDV-ANC,CDV,ANC,10926,10299
SIT-KTN,SIT,KTN,14828,12819
PSG-JNU,PSG,JNU,14256,12523
JNU-SEA,JNU,SEA,12523,14747
FAI-SEA,FAI,SEA,11630,14747
ANC-OME,ANC,OME,10299,13873
TPA-SEA,TPA,SEA,15304,14747
SEA-OMA,SEA,OMA,14747,13871
MKE-SEA,MKE,SEA,13342,14747
CLE-SEA,CLE,SEA,11042,14747
SEA-BNA,SEA,BNA,14747,10693
SFO-DAL,SFO,DAL,14771,11259
RDU-SEA,RDU,SEA,14492,14747
RSW-SEA,RSW,SEA,14635,14747
FLL-SEA,FLL,SEA,11697,14747
SEA-TUS,SEA,TUS,14747,15376
PHX-PAE,PHX,PAE,14107,14004
PAE-PHX,PAE,PHX,14004,14107
OGG-SEA,OGG,SEA,13830,14747
SAN-LIH,SAN,LIH,14679,12982
SEA-BZN,SEA,BZN,14747,10849
RDM-SEA,RDM,SEA,14489,14747
EUG-SEA,EUG,SEA,11603,14747
BUR-SEA,BUR,SEA,10800,14747
PDX-SNA,PDX,SNA,14057,14908
SAN-SEA,SAN,SEA,14679,14747
SEA-ONT,SEA,ONT,14747,13891
SEA-STS,SEA,STS,14747,15023
PDX-ONT,PDX,ONT,14057,13891
SJC-BOS,SJC,BOS,14831,10721
JFK-MCO,JFK,MCO,12478,13204
JFK-ACK,JFK,ACK,12478,10154
HPN-PBI,HPN,PBI,12197,14027
MCO-ORH,MCO,ORH,13204,13933
JFK-BOS,JFK,BOS,12478,10721
FLL-HPN,FLL,HPN,11697,12197
RSW-HPN,RSW,HPN,14635,12197
MKE-JFK,MKE,JFK,13342,12478
ACK-LGA,ACK,LGA,10154,12953
BOS-SRQ,BOS,SRQ,10721,14986
SAT-BOS,SAT,BOS,14683,10721
FLL-CHS,FLL,CHS,11697,10994
JAX-BOS,JAX,BOS,12451,10721
PVD-PBI,PVD,PBI,14307,14027
SLC-JFK,SLC,JFK,14869,12478
FLL-BOS,FLL,BOS,11697,10721
ROC-BOS,ROC,BOS,14576,10721
JFK-DEN,JFK,DEN,12478,11292
BOS-MSY,BOS,MSY,10721,13495
LAX-BUF,LAX,BUF,12892,10792
DCA-SJU,DCA,SJU,11278,14843
SYR-BOS,SYR,BOS,15096,10721
SAN-FLL,SAN,FLL,14679,11697
BOS-SYR,BOS,SYR,10721,15096
SNA-STS,SNA,STS,14908,15023
APN-DTW,APN,DTW,10333,11433
MFE-AUS,MFE,AUS,13256,10423
MOT-MSP,MOT,MSP,13433,13487
RDM-SLC,RDM,SLC,14489,14869
SLC-FCA,SLC,FCA,14869,11648
PDX-FAT,PDX,FAT,14057,11638
SBN-ATL,SBN,ATL,14696,10397
HIB-MSP,HIB,MSP,12129,13487
MSP-HIB,MSP,HIB,13487,12129
GFK-MSP,GFK,MSP,11898,13487
TUL-SLC,TUL,SLC,15370,14869
MSP-SBN,MSP,SBN,13487,14696
MSP-ESC,MSP,ESC,13487,11587
RHI-MSP,RHI,MSP,14520,13487
DTW-ATW,DTW,ATW,11433,10408
ORD-CHO,ORD,CHO,13930,10990
SAN-BZN,SAN,BZN,14679,10849
STS-SNA,STS,SNA,15023,14908
DTW-APN,DTW,APN,11433,10333
PDX-BZN,PDX,BZN,14057,10849
FAT-PDX,FAT,PDX,11638,14057
SAN-MSO,SAN,MSO,14679,13486
LWS-SEA,LWS,SEA,13127,14747
PSC-SLC,PSC,SLC,14252,14869
ORD-FWA,ORD,FWA,13930,11823
ORD-CRW,ORD,CRW,13930,11146
CMX-ORD,CMX,ORD,11076,13930
FLG-PHX,FLG,PHX,11695,14107
LAX-MSO,LAX,MSO,12892,13486
COD-DEN,COD,DEN,11097,11292
IAH-VCT,IAH,VCT,12266,15569
IAH-MEI,IAH,MEI,12266,13241
DEN-HYS,DEN,HYS,11292,12255
CPR-DEN,CPR,DEN,11122,11292
DEN-DDC,DEN,DDC,11292,11283
PRC-DEN,PRC,DEN,14237,11292
SUX-ORD,SUX,ORD,15048,13930
IAH-LFT,IAH,LFT,12266,12951
IAH-ASE,IAH,ASE,12266,10372
SMF-SFO,SMF,SFO,14893,14771
SUN-DEN,SUN,DEN,15041,11292
MTJ-IAH,MTJ,IAH,13502,12266
LAX-OKC,LAX,OKC,12892,13851
IAH-HOB,IAH,HOB,12266,12177
JMS-DEN,JMS,DEN,12519,11292
IAD-JST,IAD,JST,12264,12559
JST-IAD,JST,IAD,12559,12264
WYS-DEN,WYS,DEN,15897,11292
DEN-LBL,DEN,LBL,11292,12902
SFO-SMF,SFO,SMF,14771,14893
MSP-SDF,MSP,SDF,13487,14730
ASE-AUS,ASE,AUS,10372,10423
ROW-DFW,ROW,DFW,14588,11298
OKC-LAX,OKC,LAX,13851,12892
IAH-ICT,IAH,ICT,12266,12278
DEN-EGE,DEN,EGE,11292,11503
EGE-DEN,EGE,DEN,11503,11292
LAX-RDM,LAX,RDM,12892,14489
LAX-EUG,LAX,EUG,12892,11603
DEN-DAY,DEN,DAY,11292,11267
IAH-LIT,IAH,LIT,12266,12992
GEG-SFO,GEG,SFO,11884,14771
SHV-DEN,SHV,DEN,14814,11292
EKO-SLC,EKO,SLC,11525,14869
LIT-IAH,LIT,IAH,12992,12266
HOU-PVU,HOU,PVU,12191,14314
LAS-BIL,LAS,BIL,12889,10620
FCA-LAS,FCA,LAS,11648,12889
AZA-PVU,AZA,PVU,10466,14314
LEX-SFB,LEX,SFB,12945,14761
MDT-PIE,MDT,PIE,13230,14112
LAS-MFR,LAS,MFR,12889,13264
RIC-PIE,RIC,PIE,14524,14112
AZA-FAR,AZA,FAR,10466,11637
PIE-ABE,PIE,ABE,14112,10135
XNA-VPS,XNA,VPS,15919,15624
PGD-ROC,PGD,ROC,14082,14576
LAS-AVL,LAS,AVL,12889,10431
RAP-LAX,RAP,LAX,14457,12892
SFB-SGF,SFB,SGF,14761,14783
PSM-PGD,PSM,PGD,14259,14082
BLV-SFB,BLV,SFB,10676,14761
SRQ-DSM,SRQ,DSM,14986,11423
FNT-SRQ,FNT,SRQ,11721,14986
DSM-AZA,DSM,AZA,11423,10466
TVC-SFB,TVC,SFB,15380,14761
PIA-SFB,PIA,SFB,14108,14761
PVU-SNA,PVU,SNA,14314,14908
SAV-PIE,SAV,PIE,14685,14112
LAS-MFE,LAS,MFE,12889,13256
PIE-MDT,PIE,MDT,14112,13230
MDT-JAX,MDT,JAX,13230,12451
EYW-PIE,EYW,PIE,11624,14112
PGD-FNT,PGD,FNT,14082,11721
ICT-AZA,ICT,AZA,12278,10466
IAD-PGD,IAD,PGD,12264,14082
AZA-MLI,AZA,MLI,10466,13367
CID-PGD,CID,PGD,11003,14082
BNA-PGD,BNA,PGD,10693,14082
SFB-TYS,SFB,TYS,14761,15412
PIE-BMI,PIE,BMI,14112,10685
BGR-PIE,BGR,PIE,10581,14112
BNA-PIA,BNA,PIA,10693,14108
AVL-LAS,AVL,LAS,10431,12889
SFB-FSD,SFB,FSD,14761,11775
ABE-MLB,ABE,MLB,10135,13360
CVG-SFB,CVG,SFB,11193,14761
IND-PIE,IND,PIE,12339,14112
PGD-ATW,PGD,ATW,14082,10408
LAS-SMX,LAS,SMX,12889,14905
AZA-FNT,AZA,FNT,10466,11721
TYS-BLV,TYS,BLV,15412,10676
PGD-ELM,PGD,ELM,14082,11537
DSM-EWR,DSM,EWR,11423,11618
SBN-AZA,SBN,AZA,14696,10466
PBG-SFB,PBG,SFB,14025,14761
SFB-FNT,SFB,FNT,14761,11721
SGF-PGD,SGF,PGD,14783,14082
SRQ-ABE,SRQ,ABE,14986,10135
PIE-HGR,PIE,HGR,14112,12119
CKB-SFB,CKB,SFB,11027,14761
SBN-PIE,SBN,PIE,14696,14112
LAS-MEM,LAS,MEM,12889,13244
LAS-SGF,LAS,SGF,12889,14783
AZA-RAP,AZA,RAP,10466,14457
SNA-MFR,SNA,MFR,14908,13264
PGD-FWA,PGD,FWA,14082,11823
SFB-PBG,SFB,PBG,14761,14025
SNA-PVU,SNA,PVU,14908,14314
MYR-SWF,MYR,SWF,13577,15070
BIL-AZA,BIL,AZA,10620,10466
PIE-ELM,PIE,ELM,14112,11537
AZA-OMA,AZA,OMA,10466,13871
FLL-XNA,FLL,XNA,11697,15919
XNA-LAS,XNA,LAS,15919,12889
SFB-ALB,SFB,ALB,14761,10257
EYW-PIT,EYW,PIT,11624,14122
TUL-SFB,TUL,SFB,15370,14761
AVL-EYW,AVL,EYW,10431,11624
HTS-SFB,HTS,SFB,12223,14761
BNA-PVU,BNA,PVU,10693,14314
CVG-MYR,CVG,MYR,11193,13577
LAS-ATW,LAS,ATW,12889,10408
CVG-AZA,CVG,AZA,11193,10466
BLI-PSP,BLI,PSP,10666,14262
SFB-LIT,SFB,LIT,14761,12992
DSM-SFB,DSM,SFB,11423,14761
EWR-DSM,EWR,DSM,11618,11423
SFB-MEM,SFB,MEM,14761,13244
CAK-PIE,CAK,PIE,10874,14112
FWA-PGD,FWA,PGD,11823,14082
STC-PGD,STC,PGD,15008,14082
LEX-LAS,LEX,LAS,12945,12889
FNT-JAX,FNT,JAX,11721,12451
SFB-LCK,SFB,LCK,14761,12917
CVG-MLB,CVG,MLB,11193,13360
BOS-DSM,BOS,DSM,10721,11423
PIE-ICT,PIE,ICT,14112,12278
VPS-IND,VPS,IND,15624,12339
ATW-PDX,ATW,PDX,10408,14057
GSP-SRQ,GSP,SRQ,11996,14986
PDX-ATW,PDX,ATW,14057,10408
DFW-STS,DFW,STS,11298,15023
MIA-ROC,MIA,ROC,13303,14576
TUL-AUS,TUL,AUS,15370,10423
DFW-MYR,DFW,MYR,11298,13577
MIA-DSM,MIA,DSM,13303,11423
STS-PHX,STS,PHX,15023,14107
FLL-MSY,FLL,MSY,11697,13495
EWR-OAK,EWR,OAK,11618,13796
AUS-LAX,AUS,LAX,10423,12892
LAS-TPA,LAS,TPA,12889,15304
MEM-MCO,MEM,MCO,13244,13204
MIA-DEN,MIA,DEN,13303,11292
RSW-DAL,RSW,DAL,14635,11259
ALB-TPA,ALB,TPA,10257,15304
COS-SAN,COS,SAN,11109,14679
FLL-BUF,FLL,BUF,11697,10792
HOU-CHS,HOU,CHS,12191,10994
ICT-PHX,ICT,PHX,12278,14107
OKC-MCO,OKC,MCO,13851,13204
PHX-RDU,PHX,RDU,14107,14492
CVG-MCO,CVG,MCO,11193,13204
HOU-SJU,HOU,SJU,12191,14843
ICT-LAS,ICT,LAS,12278,12889
RSW-PVD,RSW,PVD,14635,14307
SLC-STL,SLC,STL,14869,15016
BNA-OMA,BNA,OMA,10693,13871
MSY-LGB,MSY,LGB,13495,12954
SAT-MCI,SAT,MCI,14683,13198
CLT-BUF,CLT,BUF,11057,10792
CVG-DFW,CVG,DFW,11193,11298
SAV-CLT,SAV,CLT,14685,11057
SEA-ORD,SEA,ORD,14747,13930
SJU-DFW,SJU,DFW,14843,11298
VPS-DFW,VPS,DFW,15624,11298
IAD-DFW,IAD,DFW,12264,11298
EGE-MIA,EGE,MIA,11503,13303
CLT-SMF,CLT,SMF,11057,14893
SMF-CLT,SMF,CLT,14893,11057
CLT-VPS,CLT,VPS,11057,15624
VPS-CLT,VPS,CLT,15624,11057
DFW-HOU,DFW,HOU,11298,12191
ROC-ORD,ROC,ORD,14576,13930
DFW-MHK,DFW,MHK,11298,13290
MHK-DFW,MHK,DFW,13290,11298
CLT-ATW,CLT,ATW,11057,10408
COU-DFW,COU,DFW,11111,11298
PIA-DFW,PIA,DFW,14108,11298
AUS-AGS,AUS,AGS,10423,10208
AGS-AUS,AGS,AUS,10208,10423
DFW-BMI,DFW,BMI,11298,10685
MIA-GNV,MIA,GNV,13303,11953
DFW-TYS,DFW,TYS,11298,15412
MCI-DFW,MCI,DFW,13198,11298
SAF-DFW,SAF,DFW,14674,11298
CLT-BTR,CLT,BTR,11057,10781
ORD-ELP,ORD,ELP,13930,11540
CLE-JFK,CLE,JFK,11042,12478
VLD-ATL,VLD,ATL,15607,10397
JFK-BTV,JFK,BTV,12478,10785
CHS-LGA,CHS,LGA,10994,12953
LGA-CHS,LGA,CHS,12953,10994
ATL-AGS,ATL,AGS,10397,10208
ATL-BQK,ATL,BQK,10397,10731
LGA-PIT,LGA,PIT,12953,14122
DTW-LAN,DTW,LAN,11433,12884
DSM-LGA,DSM,LGA,11423,12953
ATL-IAH,ATL,IAH,10397,12266
DCA-PHL,DCA,PHL,11278,14100
CAE-CLT,CAE,CLT,10868,11057
DCA-HPN,DCA,HPN,11278,12197
HPN-DCA,HPN,DCA,12197,11278
DCA-ECP,DCA,ECP,11278,11481
PIT-DCA,PIT,DCA,14122,11278
CLT-SYR,CLT,SYR,11057,15096
CLT-GPT,CLT,GPT,11057,11973
GPT-CLT,GPT,CLT,11973,11057
DCA-MEM,DCA,MEM,11278,13244
MLB-CLT,MLB,CLT,13360,11057
PHL-JAX,PHL,JAX,14100,12451
PHL-ROC,PHL,ROC,14100,14576
CHA-DCA,CHA,DCA,10980,11278
IAD-BTV,IAD,BTV,12264,10785
ATL-SHV,ATL,SHV,10397,14814
JFK-LAX,JFK,LAX,12478,12892
LAX-JFK,LAX,JFK,12892,12478
SAN-MIA,SAN,MIA,14679,13303
DFW-SAV,DFW,SAV,11298,14685
ANC-DFW,ANC,DFW,10299,11298
CLT-SEA,CLT,SEA,11057,14747
JFK-PHX,JFK,PHX,12478,14107
DCA-LAS,DCA,LAS,11278,12889
SAT-MIA,SAT,MIA,14683,13303
VPS-DCA,VPS,DCA,15624,11278
PHL-STT,PHL,STT,14100,15024
DFW-EYW,DFW,EYW,11298,11624
DFW-BUR,DFW,BUR,11298,10800
GRR-CLT,GRR,CLT,11986,11057
DFW-SRQ,DFW,SRQ,11298,14986
SRQ-DFW,SRQ,DFW,14986,11298
BFL-DFW,BFL,DFW,10561,11298
SNA-JFK,SNA,JFK,14908,12478
EUG-PHX,EUG,PHX,11603,14107
SBA-DFW,SBA,DFW,14689,11298
DFW-ROC,DFW,ROC,11298,14576
BDL-DFW,BDL,DFW,10529,11298
FCA-IAH,FCA,IAH,11648,12266
STT-ORD,STT,ORD,15024,13930
IAD-HNL,IAD,HNL,12264,12173
GTF-ORD,GTF,ORD,12003,13930
ORD-KOA,ORD,KOA,13930,12758
BWI-VPS,BWI,VPS,10821,15624
OAK-STL,OAK,STL,13796,15016
STL-ECP,STL,ECP,15016,11481
PNS-MCI,PNS,MCI,14193,13198
PNS-STL,PNS,STL,14193,15016
DAL-JAX,DAL,JAX,11259,12451
MCI-SEA,MCI,SEA,13198,14747
MDW-ECP,MDW,ECP,13232,11481
MYR-DAL,MYR,DAL,13577,11259
MYR-MCI,MYR,MCI,13577,13198
SNA-STL,SNA,STL,14908,15016
LAS-MIA,LAS,MIA,12889,13303
LAX-SBN,LAX,SBN,12892,14696
JFK-AUS,JFK,AUS,12478,10423
ALB-DFW,ALB,DFW,10257,11298
ORH-FLL,ORH,FLL,13933,11697
JFK-PSE,JFK,PSE,12478,14254
ACK-DCA,ACK,DCA,10154,11278
HPN-MVY,HPN,MVY,12197,13541
MVY-HPN,MVY,HPN,13541,12197
DTW-SNA,DTW,SNA,11433,14908
LAX-LGA,LAX,LGA,12892,12953
SAN-DTW,SAN,DTW,14679,11433
SLC-HNL,SLC,HNL,14869,12173
ATL-CVG,ATL,CVG,10397,11193
LAX-CVG,LAX,CVG,12892,11193
TUL-ATL,TUL,ATL,15370,10397
ATL-BDL,ATL,BDL,10397,10529
DTW-PVD,DTW,PVD,11433,14307
DTW-SAT,DTW,SAT,11433,14683
RDU-SLC,RDU,SLC,14492,14869
BOI-SLC,BOI,SLC,10713,14869
SLC-BOI,SLC,BOI,14869,10713
SAT-SLC,SAT,SLC,14683,14869
SAN-MSP,SAN,MSP,14679,13487
GPT-ATL,GPT,ATL,11973,10397
FLL-CVG,FLL,CVG,11697,11193
TPA-MSP,TPA,MSP,15304,13487
MSP-RNO,MSP,RNO,13487,14570
ATL-ABQ,ATL,ABQ,10397,10140
CHS-ATL,CHS,ATL,10994,10397
MLB-ATL,MLB,ATL,13360,10397
GRR-ATL,GRR,ATL,11986,10397
PDX-MSP,PDX,MSP,14057,13487
DTW-IAD,DTW,IAD,11433,12264
SJC-MSP,SJC,MSP,14831,13487
SLC-BIL,SLC,BIL,14869,10620
ATL-MSN,ATL,MSN,10397,13485
ATL-VPS,ATL,VPS,10397,15624
DTW-SLC,DTW,SLC,11433,14869
CVG-LAS,CVG,LAS,11193,12889
HDN-ORD,HDN,ORD,12094,13930
EYW-IAH,EYW,IAH,11624,12266
LAX-PBI,LAX,PBI,12892,14027
IAD-SLC,IAD,SLC,12264,14869
HDN-MSP,HDN,MSP,12094,13487
MSP-AVL,MSP,AVL,13487,10431
ATL-CID,ATL,CID,10397,11003
MSP-SJU,MSP,SJU,13487,14843
MSP-BUF,MSP,BUF,13487,10792
SLC-ONT,SLC,ONT,14869,13891
ATL-DSM,ATL,DSM,10397,11423
MOB-ATL,MOB,ATL,13422,10397
BDL-DTW,BDL,DTW,10529,11433
MSP-PSC,MSP,PSC,13487,14252
DTW-MEM,DTW,MEM,11433,13244
LGB-ABQ,LGB,ABQ,12954,10140
TUS-DAL,TUS,DAL,15376,11259
DAL-PBI,DAL,PBI,11259,14027
MCI-SRQ,MCI,SRQ,13198,14986
HOU-LIT,HOU,LIT,12191,12992
SDF-FLL,SDF,FLL,14730,11697
PIT-JFK,PIT,JFK,14122,12478
ORH-JFK,ORH,JFK,13933,12478
EYW-LGA,EYW,LGA,11624,12953
PHL-ILM,PHL,ILM,14100,12323
RIC-MSP,RIC,MSP,14524,13487
ATL-MOB,ATL,MOB,10397,13422
MDT-DTW,MDT,DTW,13230,11433
ATL-CRW,ATL,CRW,10397,11146
SMF-MIA,SMF,MIA,14893,13303
SEA-MSO,SEA,MSO,14747,13486
LAX-PAE,LAX,PAE,12892,14004
HYA-JFK,HYA,JFK,12250,12478
BZN-CLT,BZN,CLT,10849,11057
SAT-PHL,SAT,PHL,14683,14100
DFW-MTJ,DFW,MTJ,11298,13502
DFW-TVC,DFW,TVC,11298,15380
TVC-DFW,TVC,DFW,15380,11298
RAP-CLT,RAP,CLT,14457,11057
DLG-ANC,DLG,ANC,11336,10299
FCA-SAN,FCA,SAN,11648,14679
ORD-ACK,ORD,ACK,13930,10154
TYR-DFW,TYR,DFW,15411,11298
SFO-MDW,SFO,MDW,14771,13232
GRR-PHX,GRR,PHX,11986,14107
ABE-SRQ,ABE,SRQ,10135,14986
SWF-PGD,SWF,PGD,15070,14082
SYR-PGD,SYR,PGD,15096,14082
PIE-TOL,PIE,TOL,14112,15295
SFB-MFE,SFB,MFE,14761,13256
XNA-SFB,XNA,SFB,15919,14761
SFB-SWF,SFB,SWF,14761,15070
SRQ-SDF,SRQ,SDF,14986,14730
LGA-CHA,LGA,CHA,12953,10980
IAD-PSP,IAD,PSP,12264,14262
IAD-BUF,IAD,BUF,12264,10792
IAD-BZN,IAD,BZN,12264,10849
PVD-EWR,PVD,EWR,14307,11618
CLT-MLI,CLT,MLI,11057,13367
FAY-CLT,FAY,CLT,11641,11057
SMF-MCI,SMF,MCI,14893,13198
PBI-BUF,PBI,BUF,14027,10792
PIT-EWR,PIT,EWR,14122,11618
EWR-PIT,EWR,PIT,11618,14122
CVG-IAD,CVG,IAD,11193,12264
EWR-ITH,EWR,ITH,11618,12397
IAD-MCI,IAD,MCI,12264,13198
OGG-ATL,OGG,ATL,13830,10397
HHH-ATL,HHH,ATL,12124,10397
DCA-SAT,DCA,SAT,11278,14683
SFO-SDF,SFO,SDF,14771,14730
DAL-BOS,DAL,BOS,11259,10721
PDX-BWI,PDX,BWI,14057,10821
CHS-MCI,CHS,MCI,10994,13198
GEG-DAL,GEG,DAL,11884,11259
HYA-DCA,HYA,DCA,12250,11278
ORD-HYA,ORD,HYA,13930,12250
HYA-LGA,HYA,LGA,12250,12953
PHL-HYA,PHL,HYA,14100,12250
TVC-BOS,TVC,BOS,15380,10721
MYR-IAD,MYR,IAD,13577,12264
COS-MSP,COS,MSP,11109,13487
MSP-PVD,MSP,PVD,13487,14307
DTW-PNS,DTW,PNS,11433,14193
PHL-SYR,PHL,SYR,14100,15096
SYR-PHL,SYR,PHL,15096,14100
IAD-STL,IAD,STL,12264,15016
HNL-ONT,HNL,ONT,12173,13891
MHT-JFK,MHT,JFK,13296,12478
HPN-SJU,HPN,SJU,12197,14843
MYR-IAG,MYR,IAG,13577,12265
MYR-SYR,MYR,SYR,13577,15096
EWR-FNT,EWR,FNT,11618,11721
ICT-PIE,ICT,PIE,12278,14112
BNA-CAK,BNA,CAK,10693,10874
TYS-IAD,TYS,IAD,15412,12264
PPG-HNL,PPG,HNL,14222,12173
LRD-DFW,LRD,DFW,13061,11298
GCK-DFW,GCK,DFW,11867,11298
ANC-KOA,ANC,KOA,10299,12758
HDN-BOS,HDN,BOS,12094,10721
DEN-BMI,DEN,BMI,11292,10685
TTN-TPA,TTN,TPA,15356,15304
SJU-CLE,SJU,CLE,14843,11042
SJU-JAX,SJU,JAX,14843,12451
GRB-DEN,GRB,DEN,11977,11292
RDU-PWM,RDU,PWM,14492,14321
SHV-SFB,SHV,SFB,14814,14761
LAX-PSC,LAX,PSC,12892,14252
SAN-DSM,SAN,DSM,14679,11423
MYR-HTS,MYR,HTS,13577,12223
FLL-ORF,FLL,ORF,11697,13931
XNA-PIE,XNA,PIE,15919,14112
VPS-PIA,VPS,PIA,15624,14108
VPS-AVL,VPS,AVL,15624,10431
TUL-VPS,TUL,VPS,15370,15624
MYR-FWA,MYR,FWA,13577,11823
CKB-PIE,CKB,PIE,11027,14112
SDF-SAV,SDF,SAV,14730,14685
MDT-FLL,MDT,FLL,13230,11697
VPS-LIT,VPS,LIT,15624,12992
IAH-MOB,IAH,MOB,12266,13422
SFB-RIC,SFB,RIC,14761,14524
PBI-TYS,PBI,TYS,14027,15412
AZA-MFR,AZA,MFR,10466,13264
AZA-COS,AZA,COS,10466,11109
DSM-GUF,DSM,GUF,11423,16422
GUF-ATW,GUF,ATW,16422,10408
SRQ-OMA,SRQ,OMA,14986,13871
MIA-JAC,MIA,JAC,13303,12441
DTW-SJU,DTW,SJU,11433,14843
ATL-PWM,ATL,PWM,10397,14321
ATW-SAV,ATW,SAV,10408,14685
SAV-SDF,SAV,SDF,14685,14730
BHM-XNA,BHM,XNA,10599,15919
MYR-FLL,MYR,FLL,13577,11697
CID-DCA,CID,DCA,11003,11278
SFO-EGE,SFO,EGE,14771,11503
HLN-SEA,HLN,SEA,12156,14747
DTW-HOU,DTW,HOU,11433,12191
ATL-MTJ,ATL,MTJ,10397,13502
GRB-MCO,GRB,MCO,11977,13204
RSW-TTN,RSW,TTN,14635,15356
FWA-DFW,FWA,DFW,11823,11298
MIA-ICT,MIA,ICT,13303,12278
MIA-CID,MIA,CID,13303,11003
ICT-MIA,ICT,MIA,12278,13303
DCA-ICT,DCA,ICT,11278,12278
ROC-SFB,ROC,SFB,14576,14761
BWI-PGD,BWI,PGD,10821,14082
FNT-FLL,FNT,FLL,11721,11697
GSO-SFB,GSO,SFB,11995,14761
DCA-BTR,DCA,BTR,11278,10781
CID-MIA,CID,MIA,11003,13303
ORF-RSW,ORF,RSW,13931,14635
ACY-MYR,ACY,MYR,10158,13577
LBB-IAH,LBB,IAH,12896,12266
HRL-DEN,HRL,DEN,12206,11292
MIA-AVL,MIA,AVL,13303,10431
LAX-RFD,LAX,RFD,12892,14512
MIA-MKE,MIA,MKE,13303,13342
MYR-CLE,MYR,CLE,13577,11042
CLE-MYR,CLE,MYR,11042,13577
CHA-FLL,CHA,FLL,10980,11697
CLT-FWA,CLT,FWA,11057,11823
DSM-PHL,DSM,PHL,11423,14100
PHL-VPS,PHL,VPS,14100,15624
TTN-MYR,TTN,MYR,15356,13577
MDW-EWR,MDW,EWR,13232,11618
COU-BHM,COU,BHM,11111,10599
FMN-DEN,FMN,DEN,11711,11292
DEN-EAR,DEN,EAR,11292,11468
SLN-IAH,SLN,IAH,14877,12266
EAU-ORD,EAU,ORD,11471,13930
DEN-PIR,DEN,PIR,11292,14120
COU-DEN,COU,DEN,11111,11292
MQT-MSP,MQT,MSP,13459,13487
MSP-MQT,MSP,MQT,13487,13459
DEN-RDD,DEN,RDD,11292,14487
EWR-AVP,EWR,AVP,11618,10434
LEX-HOU,LEX,HOU,12945,12191
PIA-FLL,PIA,FLL,14108,11697
AZA-SPI,AZA,SPI,10466,14952
OWB-SFB,OWB,SFB,13983,14761
MIA-FLL,MIA,FLL,13303,11697
SRQ-PVD,SRQ,PVD,14986,14307
EWN-DCA,EWN,DCA,11617,11278
SBN-DCA,SBN,DCA,14696,11278
LAX-BIL,LAX,BIL,12892,10620
CMH-SLC,CMH,SLC,11066,14869
AUS-XNA,AUS,XNA,10423,15919
EGE-SEA,EGE,SEA,11503,14747
TPA-BTV,TPA,BTV,15304,10785
IAH-LCH,IAH,LCH,12266,12915
IAH-ATW,IAH,ATW,12266,10408
DEN-ILM,DEN,ILM,11292,12323
MSY-PGD,MSY,PGD,13495,14082
DSM-RSW,DSM,RSW,11423,14635
EYW-FLL,EYW,FLL,11624,11697
BNA-SDF,BNA,SDF,10693,14730
OMA-SAN,OMA,SAN,13871,14679
LBB-FLL,LBB,FLL,12896,11697
MCO-CID,MCO,CID,13204,11003
MCO-FAR,MCO,FAR,13204,11637
MYR-MHT,MYR,MHT,13577,13296
XNA-MCO,XNA,MCO,15919,13204
MCO-STX,MCO,STX,13204,15027
MSY-MEM,MSY,MEM,13495,13244
GUF-TYS,GUF,TYS,16422,15412
BNA-SHV,BNA,SHV,10693,14814
SHV-BNA,SHV,BNA,14814,10693
GRR-MYR,GRR,MYR,11986,13577
BHM-TYS,BHM,TYS,10599,15412
MTJ-PHX,MTJ,PHX,13502,14107
HNL-SNA,HNL,SNA,12173,14908
RAP-SFO,RAP,SFO,14457,14771
MCI-BUF,MCI,BUF,13198,10792
DCA-GRB,DCA,GRB,11278,11977
GRB-DCA,GRB,DCA,11977,11278
OKC-DTW,OKC,DTW,13851,11433
DTW-ABQ,DTW,ABQ,11433,10140
ABQ-DTW,ABQ,DTW,10140,11433
SLC-LBB,SLC,LBB,14869,12896
PHL-ALB,PHL,ALB,14100,10257
SAT-CMH,SAT,CMH,14683,11066
CMH-SAT,CMH,SAT,11066,14683
BOS-VRB,BOS,VRB,10721,15628
IAH-HSV,IAH,HSV,12266,12217
AGS-MCO,AGS,MCO,10208,13204
SEA-CID,SEA,CID,14747,11003
HSV-OKC,HSV,OKC,12217,13851
ROC-RSW,ROC,RSW,14576,14635
MKE-CLE,MKE,CLE,13342,11042
BUF-MSY,BUF,MSY,10792,13495
DFW-KOA,DFW,KOA,11298,12758
CLT-EGE,CLT,EGE,11057,11503
ITH-DTW,ITH,DTW,12397,11433
CLT-SJC,CLT,SJC,11057,14831
SJC-CLT,SJC,CLT,14831,11057
SBN-GSP,SBN,GSP,14696,11996
CLL-DCA,CLL,DCA,11049,11278
PIT-CLE,PIT,CLE,14122,11042
LGA-BWI,LGA,BWI,12953,10821
RDU-TLH,RDU,TLH,14492,15249
MSP-MDT,MSP,MDT,13487,13230
TLH-SBN,TLH,SBN,15249,14696
MIA-VPS,MIA,VPS,13303,15624
JAC-IAD,JAC,IAD,12441,12264
AUS-ELP,AUS,ELP,10423,11540
DAY-ORD,DAY,ORD,11267,13930
JAX-MIA,JAX,MIA,12451,13303
ORD-IAH,ORD,IAH,13930,12266
AUS-RDU,AUS,RDU,10423,14492
CMI-DFW,CMI,DFW,11067,11298
DFW-GJT,DFW,GJT,11298,11921
CHS-MIA,CHS,MIA,10994,13303
GRR-DFW,GRR,DFW,11986,11298
MIA-BHM,MIA,BHM,13303,10599
GSP-ORD,GSP,ORD,11996,13930
ORD-MSY,ORD,MSY,13930,13495
DFW-LEX,DFW,LEX,11298,12945
PVD-ORD,PVD,ORD,14307,13930
BFL-PHX,BFL,PHX,10561,14107
MIA-CMH,MIA,CMH,13303,11066
HSV-ORD,HSV,ORD,12217,13930
JAN-DFW,JAN,DFW,12448,11298
BNA-DCA,BNA,DCA,10693,11278
DFW-MSN,DFW,MSN,11298,13485
MSY-AUS,MSY,AUS,13495,10423
ORD-IND,ORD,IND,13930,12339
LEX-ORD,LEX,ORD,12945,13930
DFW-MAF,DFW,MAF,11298,13158
DFW-MRY,DFW,MRY,11298,13476
IND-DFW,IND,DFW,12339,11298
PHX-SBA,PHX,SBA,14107,14689
ORD-BHM,ORD,BHM,13930,10599
DFW-IND,DFW,IND,11298,12339
GPT-DFW,GPT,DFW,11973,11298
BOS-CVG,BOS,CVG,10721,11193
CVG-AUS,CVG,AUS,11193,10423
EWR-MIA,EWR,MIA,11618,13303
MIA-EWR,MIA,EWR,13303,11618
SNA-LAS,SNA,LAS,14908,12889
SNA-OAK,SNA,OAK,14908,13796
LAX-ORD,LAX,ORD,12892,13930
LAS-SAT,LAS,SAT,12889,14683
BNA-LAX,BNA,LAX,10693,12892
MCO-ACY,MCO,ACY,13204,10158
BWI-ATL,BWI,ATL,10821,10397
ATL-BOS,ATL,BOS,10397,10721
LAS-IAH,LAS,IAH,12889,12266
SJU-PHL,SJU,PHL,14843,14100
LGA-MYR,LGA,MYR,12953,13577
CLT-LGA,CLT,LGA,11057,12953
ATL-LAS,ATL,LAS,10397,12889
TPA-BOS,TPA,BOS,15304,10721
BWI-LAX,BWI,LAX,10821,12892
ATL-MSY,ATL,MSY,10397,13495
LAX-OAK,LAX,OAK,12892,13796
CLE-MIA,CLE,MIA,11042,13303
ATL-DTW,ATL,DTW,10397,11433
BUR-LAS,BUR,LAS,10800,12889
FLL-LGA,FLL,LGA,11697,12953
SLC-LAS,SLC,LAS,14869,12889
ATL-PHL,ATL,PHL,10397,14100
LAX-CLE,LAX,CLE,12892,11042
LAS-SAN,LAS,SAN,12889,14679
IAH-DTW,IAH,DTW,12266,11433
MCO-ROC,MCO,ROC,13204,14576
STT-FLL,STT,FLL,15024,11697
LAS-CMH,LAS,CMH,12889,11066
SNA-PHX,SNA,PHX,14908,14107
SRQ-PIT,SRQ,PIT,14986,14122
STL-BOS,STL,BOS,15016,10721
STL-PIT,STL,PIT,15016,14122
TPA-BDL,TPA,BDL,15304,10529
TPA-SAT,TPA,SAT,15304,14683
TUS-DEN,TUS,DEN,15376,11292
AMA-AUS,AMA,AUS,10279,10423
AMA-LAS,AMA,LAS,10279,12889
ATL-DCA,ATL,DCA,10397,11278
ATL-HOU,ATL,HOU,10397,12191
ATL-LIT,ATL,LIT,10397,12992
ATL-PBI,ATL,PBI,10397,14027
AUS-ATL,AUS,ATL,10423,10397
AUS-BWI,AUS,BWI,10423,10821
AUS-DAL,AUS,DAL,10423,11259
AUS-LBB,AUS,LBB,10423,12896
AUS-ONT,AUS,ONT,10423,13891
BDL-MDW,BDL,MDW,10529,13232
BHM-BWI,BHM,BWI,10599,10821
BHM-DAL,BHM,DAL,10599,11259
BHM-MCO,BHM,MCO,10599,13204
BHM-TPA,BHM,TPA,10599,15304
BLI-OAK,BLI,OAK,10666,13796
BNA-ATL,BNA,ATL,10693,10397
BNA-DTW,BNA,DTW,10693,11433
BNA-LGB,BNA,LGB,10693,12954
BNA-MDW,BNA,MDW,10693,13232
BNA-MYR,BNA,MYR,10693,13577
BNA-SAV,BNA,SAV,10693,14685
BNA-SRQ,BNA,SRQ,10693,14986
BOI-PHX,BOI,PHX,10713,14107
BOI-SJC,BOI,SJC,10713,14831
BOS-BWI,BOS,BWI,10721,10821
BUR-OAK,BUR,OAK,10800,13796
BWI-SDF,BWI,SDF,10821,14730
BZN-LAS,BZN,LAS,10849,12889
CHS-MDW,CHS,MDW,10994,13232
CMH-DAL,CMH,DAL,11066,11259
DAL-BNA,DAL,BNA,11259,10693
DAL-CLT,DAL,CLT,11259,11057
DAL-DEN,DAL,DEN,11259,11292
DAL-FLL,DAL,FLL,11259,11697
DAL-HOU,DAL,HOU,11259,12191
DAL-MDW,DAL,MDW,11259,13232
DAL-SMF,DAL,SMF,11259,14893
DAL-SNA,DAL,SNA,11259,14908
DCA-ATL,DCA,ATL,11278,10397
DCA-MCI,DCA,MCI,11278,13198
DEN-AMA,DEN,AMA,11292,10279
DEN-BUF,DEN,BUF,11292,10792
DEN-IND,DEN,IND,11292,12339
DEN-MDW,DEN,MDW,11292,13232
DEN-SAT,DEN,SAT,11292,14683
DEN-SBA,DEN,SBA,11292,14689
DEN-SLC,DEN,SLC,11292,14869
DTW-BNA,DTW,BNA,11433,10693
FAT-LAS,FAT,LAS,11638,12889
FLL-HOU,FLL,HOU,11697,12191
FLL-RDU,FLL,RDU,11697,14492
GEG-SMF,GEG,SMF,11884,14893
GRR-MDW,GRR,MDW,11986,13232
HNL-LAX,HNL,LAX,12173,12892
HOU-ABQ,HOU,ABQ,12191,10140
HOU-CMH,HOU,CMH,12191,11066
HOU-IND,HOU,IND,12191,12339
HOU-SAN,HOU,SAN,12191,14679
HRL-AUS,HRL,AUS,12206,10423
IAD-DEN,IAD,DEN,12264,11292
IAH-MDW,IAH,MDW,12266,13232
IND-ATL,IND,ATL,12339,10397
IND-DAL,IND,DAL,12339,11259
IND-LAS,IND,LAS,12339,12889
IND-PHX,IND,PHX,12339,14107
IND-RSW,IND,RSW,12339,14635
JAX-BNA,JAX,BNA,12451,10693
KOA-LAS,KOA,LAS,12758,12889
LAS-COS,LAS,COS,12889,11109
LAS-KOA,LAS,KOA,12889,12758
LAX-ELP,LAX,ELP,12892,11540
LAX-SJC,LAX,SJC,12892,14831
LAX-STL,LAX,STL,12892,15016
LBB-LAS,LBB,LAS,12896,12889
LGA-BNA,LGA,BNA,12953,10693
LGA-MSY,LGA,MSY,12953,13495
LGA-STL,LGA,STL,12953,15016
LGA-TPA,LGA,TPA,12953,15304
LGB-OAK,LGB,OAK,12954,13796
LIH-HNL,LIH,HNL,12982,12173
MAF-LAS,MAF,LAS,13158,12889
MCI-BNA,MCI,BNA,13198,10693
MCI-PHX,MCI,PHX,13198,14107
MCO-MDW,MCO,MDW,13204,13232
MDW-ABQ,MDW,ABQ,13232,10140
MDW-BDL,MDW,BDL,13232,10529
MDW-GRR,MDW,GRR,13232,11986
MDW-LAS,MDW,LAS,13232,12889
MDW-LGA,MDW,LGA,13232,12953
MDW-MCI,MDW,MCI,13232,13198
MDW-MIA,MDW,MIA,13232,13303
MDW-MYR,MDW,MYR,13232,13577
MDW-OKC,MDW,OKC,13232,13851
MDW-PHL,MDW,PHL,13232,14100
MDW-SAV,MDW,SAV,13232,14685
MDW-SLC,MDW,SLC,13232,14869
MEM-MDW,MEM,MDW,13244,13232
MIA-MDW,MIA,MDW,13303,13232
MKE-DCA,MKE,DCA,13342,11278
MKE-STL,MKE,STL,13342,15016
MYR-BNA,MYR,BNA,13577,10693
OAK-HOU,OAK,HOU,13796,12191
OAK-PDX,OAK,PDX,13796,14057
OGG-LAX,OGG,LAX,13830,12892
OGG-LIH,OGG,LIH,13830,12982
OKC-SAT,OKC,SAT,13851,14683
OMA-DEN,OMA,DEN,13871,11292
OMA-LAS,OMA,LAS,13871,12889
ONT-SMF,ONT,SMF,13891,14893
PDX-DEN,PDX,DEN,14057,11292
PHL-DEN,PHL,DEN,14100,11292
PHX-MCI,PHX,MCI,14107,13198
PHX-MCO,PHX,MCO,14107,13204
PHX-SAT,PHX,SAT,14107,14683
PHX-STL,PHX,STL,14107,15016
PIT-BWI,PIT,BWI,14122,10821
PNS-BNA,PNS,BNA,14193,10693
PNS-DAL,PNS,DAL,14193,11259
PSP-DEN,PSP,DEN,14262,11292
RDU-DEN,RDU,DEN,14492,11292
ROC-BWI,ROC,BWI,14576,10821
RSW-ATL,RSW,ATL,14635,10397
RSW-MDW,RSW,MDW,14635,13232
SAN-BWI,SAN,BWI,14679,10821
SAN-HOU,SAN,HOU,14679,12191
SAN-SAT,SAN,SAT,14679,14683
SAN-STL,SAN,STL,14679,15016
SAT-MDW,SAT,MDW,14683,13232
SAT-SAN,SAT,SAN,14683,14679
SAV-DAL,SAV,DAL,14685,11259
SBA-LAS,SBA,LAS,14689,12889
SDF-HOU,SDF,HOU,14730,12191
SEA-DEN,SEA,DEN,14747,11292
SFO-BUR,SFO,BUR,14771,10800
SFO-LAX,SFO,LAX,14771,12892
SJC-DAL,SJC,DAL,14831,11259
SJC-EUG,SJC,EUG,14831,11603
SJC-LIH,SJC,LIH,14831,12982
SJC-SEA,SJC,SEA,14831,14747
SLC-AUS,SLC,AUS,14869,10423
SLC-DEN,SLC,DEN,14869,11292
SMF-AUS,SMF,AUS,14893,10423
SMF-DAL,SMF,DAL,14893,11259
SMF-SAN,SMF,SAN,14893,14679
SMF-SBA,SMF,SBA,14893,14689
SNA-HOU,SNA,HOU,14908,12191
MSY-CLT,MSY,CLT,13495,11057
MSN-CLT,MSN,CLT,13485,11057
DFW-IAD,DFW,IAD,11298,12264
DFW-JAX,DFW,JAX,11298,12451
PHL-CHS,PHL,CHS,14100,10994
DFW-ABQ,DFW,ABQ,11298,10140
ORF-CLT,ORF,CLT,13931,11057
ILM-CLT,ILM,CLT,12323,11057
ELP-DFW,ELP,DFW,11540,11298
MIA-ORF,MIA,ORF,13303,13931
CLT-RSW,CLT,RSW,11057,14635
DFW-FAT,DFW,FAT,11298,11638
DFW-BNA,DFW,BNA,11298,10693
CLT-OMA,CLT,OMA,11057,13871
MIA-MCO,MIA,MCO,13303,13204
BOS-CLT,BOS,CLT,10721,11057
AMA-DFW,AMA,DFW,10279,11298
LAX-MCO,LAX,MCO,12892,13204
DFW-BOI,DFW,BOI,11298,10713
RDU-ORD,RDU,ORD,14492,13930
DCA-RDU,DCA,RDU,11278,14492
SEA-DFW,SEA,DFW,14747,11298
IAH-DFW,IAH,DFW,12266,11298
SAT-DFW,SAT,DFW,14683,11298
DFW-PNS,DFW,PNS,11298,14193
CVG-EWR,CVG,EWR,11193,11618
AGS-LGA,AGS,LGA,10208,12953
ATL-LEX,ATL,LEX,10397,12945
LGA-AGS,LGA,AGS,12953,10208
MKE-LGA,MKE,LGA,13342,12953
DTW-BMI,DTW,BMI,11433,10685
JFK-RIC,JFK,RIC,12478,14524
BTR-ATL,BTR,ATL,10781,10397
ATL-CHA,ATL,CHA,10397,10980
SGF-ATL,SGF,ATL,14783,10397
BGM-LGA,BGM,LGA,10577,12953
MSP-CVG,MSP,CVG,13487,11193
MGM-ATL,MGM,ATL,13277,10397
MCI-JFK,MCI,JFK,13198,12478
ATL-GNV,ATL,GNV,10397,11953
MQT-DTW,MQT,DTW,13459,11433
ORF-DTW,ORF,DTW,13931,11433
ILM-LGA,ILM,LGA,12323,12953
DTW-BHM,DTW,BHM,11433,10599
AEX-ATL,AEX,ATL,10185,10397
JFK-ROC,JFK,ROC,12478,14576
MSP-XNA,MSP,XNA,13487,15919
XNA-MSP,XNA,MSP,15919,13487
JFK-BGR,JFK,BGR,12478,10581
DCA-SYR,DCA,SYR,11278,15096
SYR-DCA,SYR,DCA,15096,11278
CLT-MKE,CLT,MKE,11057,13342
PHL-BDL,PHL,BDL,14100,10529
PHL-MKE,PHL,MKE,14100,13342
ROA-CLT,ROA,CLT,14574,11057
DCA-GSO,DCA,GSO,11278,11995
DSM-DCA,DSM,DCA,11423,11278
DAB-DCA,DAB,DCA,11252,11278
SDF-DCA,SDF,DCA,14730,11278
CLT-PIA,CLT,PIA,11057,14108
SBN-CLT,SBN,CLT,14696,11057
CLT-EWN,CLT,EWN,11057,11617
MYR-DCA,MYR,DCA,13577,11278
IAD-PHX,IAD,PHX,12264,14107
OGG-SFO,OGG,SFO,13830,14771
EWR-SLC,EWR,SLC,11618,14869
EWR-RSW,EWR,RSW,11618,14635
BDL-IAD,BDL,IAD,10529,12264
SFO-OGG,SFO,OGG,14771,13830
IAH-PHX,IAH,PHX,12266,14107
IAH-JAX,IAH,JAX,12266,12451
ORD-MDT,ORD,MDT,13930,13230
ORD-DCA,ORD,DCA,13930,11278
EWR-SEA,EWR,SEA,11618,14747
EWR-CLE,EWR,CLE,11618,11042
DEN-SRQ,DEN,SRQ,11292,14986
SFO-CLE,SFO,CLE,14771,11042
PDX-SFO,PDX,SFO,14057,14771
SAN-IAH,SAN,IAH,14679,12266
IAH-PBI,IAH,PBI,12266,14027
AUS-IAD,AUS,IAD,10423,12264
RDU-IAH,RDU,IAH,14492,12266
ORD-TUS,ORD,TUS,13930,15376
BTV-ORD,BTV,ORD,10785,13930
DEN-FCA,DEN,FCA,11292,11648
SRQ-DEN,SRQ,DEN,14986,11292
ABQ-ORD,ABQ,ORD,10140,13930
SFO-BOS,SFO,BOS,14771,10721
SEA-IAD,SEA,IAD,14747,12264
IAH-SFO,IAH,SFO,12266,14771
IAH-DCA,IAH,DCA,12266,11278
CHS-IAD,CHS,IAD,10994,12264
IAH-SAT,IAH,SAT,12266,14683
FCA-DEN,FCA,DEN,11648,11292
IAD-FLL,IAD,FLL,12264,11697
ORF-IAH,ORF,IAH,13931,12266
ORD-BOI,ORD,BOI,13930,10713
PWM-ORD,PWM,ORD,14321,13930
JAX-IAD,JAX,IAD,12451,12264
SFO-ONT,SFO,ONT,14771,13891
RNO-ORD,RNO,ORD,14570,13930
SMF-IAH,SMF,IAH,14893,12266
EWR-IND,EWR,IND,11618,12339
DEN-KOA,DEN,KOA,11292,12758
ANC-IAH,ANC,IAH,10299,12266
SFO-OMA,SFO,OMA,14771,13871
IND-EWR,IND,EWR,12339,11618
IAH-PIT,IAH,PIT,12266,14122
BTV-DEN,BTV,DEN,10785,11292
DCA-SEA,DCA,SEA,11278,14747
BET-ANC,BET,ANC,10551,10299
SEA-ANC,SEA,ANC,14747,10299
LAS-ANC,LAS,ANC,12889,10299
KTN-SEA,KTN,SEA,12819,14747
JNU-YAK,JNU,YAK,12523,15991
PSG-WRG,PSG,WRG,14256,15841
JNU-ANC,JNU,ANC,12523,10299
ANC-LAX,ANC,LAX,10299,12892
PDX-ANC,PDX,ANC,14057,10299
SEA-DTW,SEA,DTW,14747,11433
SEA-CLE,SEA,CLE,14747,11042
SEA-ATL,SEA,ATL,14747,10397
SEA-MCO,SEA,MCO,14747,13204
CMH-SEA,CMH,SEA,11066,14747
IND-SEA,IND,SEA,12339,14747
PIT-SEA,PIT,SEA,14122,14747
SEA-OKC,SEA,OKC,14747,13851
TUS-SEA,TUS,SEA,15376,14747
SEA-EUG,SEA,EUG,14747,11603
PSC-SEA,PSC,SEA,14252,14747
DEN-JFK,DEN,JFK,11292,12478
BOS-PBI,BOS,PBI,10721,14027
DTW-BOS,DTW,BOS,11433,10721
SJU-JFK,SJU,JFK,14843,12478
JFK-ATL,JFK,ATL,12478,10397
BOS-RDU,BOS,RDU,10721,14492
JFK-SJU,JFK,SJU,12478,14843
MSY-JFK,MSY,JFK,13495,12478
ABQ-JFK,ABQ,JFK,10140,12478
SRQ-BOS,SRQ,BOS,14986,10721
PBI-LGA,PBI,LGA,14027,12953
BOS-LAS,BOS,LAS,10721,12889
JFK-SJC,JFK,SJC,12478,14831
BOS-SLC,BOS,SLC,10721,14869
CHS-HPN,CHS,HPN,10994,12197
SAT-JFK,SAT,JFK,14683,12478
BOS-CLE,BOS,CLE,10721,11042
FLL-SAN,FLL,SAN,11697,14679
JFK-ONT,JFK,ONT,12478,13891
SLC-COS,SLC,COS,14869,11109
ATL-SBN,ATL,SBN,10397,14696
ATW-DTW,ATW,DTW,10408,11433
INL-MSP,INL,MSP,12343,13487
DTW-PLN,DTW,PLN,11433,14150
SLC-RDM,SLC,RDM,14869,14489
DTW-OMA,DTW,OMA,11433,13871
SLC-MSO,SLC,MSO,14869,13486
MSP-IAD,MSP,IAD,13487,12264
BJI-MSP,BJI,MSP,10631,13487
SLC-HLN,SLC,HLN,14869,12156
SEA-BLI,SEA,BLI,14747,10666
ASE-LAX,ASE,LAX,10372,12892
SLC-TUL,SLC,TUL,14869,15370
SAN-STS,SAN,STS,14679,15023
DEN-RKS,DEN,RKS,11292,14543
ORD-MBS,ORD,MBS,13930,13184
DEN-MLI,DEN,MLI,11292,13367
SUX-DEN,SUX,DEN,15048,11292
DTW-ESC,DTW,ESC,11433,11587
FOD-ORD,FOD,ORD,11725,13930
SBN-DFW,SBN,DFW,14696,11298
AUS-ASE,AUS,ASE,10423,10372
SPS-DFW,SPS,DFW,14960,11298
PRC-LAX,PRC,LAX,14237,12892
RKS-DEN,RKS,DEN,14543,11292
LBL-DDC,LBL,DDC,12902,11283
DEN-XWA,DEN,XWA,11292,16869
JST-ORD,JST,ORD,12559,13930
DFW-SWO,DFW,SWO,11298,15074
LNK-ORD,LNK,ORD,13029,13930
DVL-JMS,DVL,JMS,11447,12519
ORD-JLN,ORD,JLN,13930,12511
COS-IAH,COS,IAH,11109,12266
LAX-RDD,LAX,RDD,12892,14487
ACV-SFO,ACV,SFO,10157,14771
IAH-MTJ,IAH,MTJ,12266,13502
SEA-LWS,SEA,LWS,14747,13127
MSP-OKC,MSP,OKC,13487,13851
OKC-IAH,OKC,IAH,13851,12266
GRR-AZA,GRR,AZA,11986,10466
AUS-PVU,AUS,PVU,10423,14314
AZA-ATW,AZA,ATW,10466,10408
PIE-CHA,PIE,CHA,14112,10980
LAS-RAP,LAS,RAP,12889,14457
PVU-BNA,PVU,BNA,14314,10693
ROA-PIE,ROA,PIE,14574,14112
BNA-DSM,BNA,DSM,10693,11423
FSD-AZA,FSD,AZA,11775,10466
PIA-SRQ,PIA,SRQ,14108,14986
ABE-BNA,ABE,BNA,10135,10693
OMA-PGD,OMA,PGD,13871,14082
AZA-BIS,AZA,BIS,10466,10627
FWA-AZA,FWA,AZA,11823,10466
SFB-MOT,SFB,MOT,14761,13433
MOT-SFB,MOT,SFB,13433,14761
LAX-BLI,LAX,BLI,12892,10666
CHA-PIE,CHA,PIE,10980,14112
BZN-AZA,BZN,AZA,10849,10466
MDW-PVU,MDW,PVU,13232,14314
SPI-PGD,SPI,PGD,14952,14082
SNA-DSM,SNA,DSM,14908,11423
PIE-FSD,PIE,FSD,14112,11775
IND-EYW,IND,EYW,12339,11624
VPS-GRR,VPS,GRR,15624,11986
PIE-USA,PIE,USA,14112,12544
PIE-OMA,PIE,OMA,14112,13871
LAS-PVU,LAS,PVU,12889,14314
SGF-PIE,SGF,PIE,14783,14112
MDW-VPS,MDW,VPS,13232,15624
BNA-XNA,BNA,XNA,10693,15919
CVG-PIE,CVG,PIE,11193,14112
JAX-IND,JAX,IND,12451,12339
SBN-SRQ,SBN,SRQ,14696,14986
PIE-FWA,PIE,FWA,14112,11823
SFB-HTS,SFB,HTS,14761,12223
GRR-AUS,GRR,AUS,11986,10423
LAS-LRD,LAS,LRD,12889,13061
PGD-BLV,PGD,BLV,14082,10676
VPS-CVG,VPS,CVG,15624,11193
SFB-PIA,SFB,PIA,14761,14108
SFB-LEX,SFB,LEX,14761,12945
CVG-SAV,CVG,SAV,11193,14685
LAS-FAR,LAS,FAR,12889,11637
PIE-ROA,PIE,ROA,14112,14574
RFD-SRQ,RFD,SRQ,14512,14986
FLL-PBG,FLL,PBG,11697,14025
LAS-MRY,LAS,MRY,12889,13476
GRR-BOS,GRR,BOS,11986,10721
SAN-PVU,SAN,PVU,14679,14314
BIS-PIE,BIS,PIE,10627,14112
PGD-PSM,PGD,PSM,14082,14259
MLI-PGD,MLI,PGD,13367,14082
MDW-AVL,MDW,AVL,13232,10431
SFB-SBN,SFB,SBN,14761,14696
ABE-PGD,ABE,PGD,10135,14082
SFB-CAK,SFB,CAK,14761,10874
PGD-RFD,PGD,RFD,14082,14512
ROA-SFB,ROA,SFB,14574,14761
MEM-LAS,MEM,LAS,13244,12889
PHX-PVU,PHX,PVU,14107,14314
GJT-LAS,GJT,LAS,11921,12889
AZA-GFK,AZA,GFK,10466,11898
PGD-CID,PGD,CID,14082,11003
AZA-BLI,AZA,BLI,10466,10666
AVL-PHX,AVL,PHX,10431,14107
XNA-BNA,XNA,BNA,15919,10693
SAV-FLL,SAV,FLL,14685,11697
MYR-HGR,MYR,HGR,13577,12119
VPS-IAD,VPS,IAD,15624,12264
VPS-SGF,VPS,SGF,15624,14783
GUF-BLV,GUF,BLV,16422,10676
MEM-TYS,MEM,TYS,13244,15412
MYR-CAK,MYR,CAK,13577,10874
ORD-ICT,ORD,ICT,13930,12278
EWR-AUS,EWR,AUS,11618,10423
LAS-RNO,LAS,RNO,12889,14570
MKE-RSW,MKE,RSW,13342,14635
STT-MCO,STT,MCO,15024,13204
SLC-LAX,SLC,LAX,14869,12892
LGB-SLC,LGB,SLC,12954,14869
BNA-VPS,BNA,VPS,10693,15624
ALB-DEN,ALB,DEN,10257,11292
CHS-HOU,CHS,HOU,10994,12191
CVG-DEN,CVG,DEN,11193,11292
DAL-SDF,DAL,SDF,11259,14730
DEN-BDL,DEN,BDL,11292,10529
HOU-COS,HOU,COS,12191,11109
LAS-BHM,LAS,BHM,12889,10599
MCI-RSW,MCI,RSW,13198,14635
RNO-SNA,RNO,SNA,14570,14908
RSW-HOU,RSW,HOU,14635,12191
SLC-BWI,SLC,BWI,14869,10821
BNA-HDN,BNA,HDN,10693,12094
BNA-SJU,BNA,SJU,10693,14843
CLE-MCO,CLE,MCO,11042,13204
PHX-BUF,PHX,BUF,14107,10792
PVD-RSW,PVD,RSW,14307,14635
ROC-TPA,ROC,TPA,14576,15304
RSW-BDL,RSW,BDL,14635,10529
STL-SLC,STL,SLC,15016,14869
SYR-MCO,SYR,MCO,15096,13204
CLT-DFW,CLT,DFW,11057,11298
TUS-ORD,TUS,ORD,15376,13930
CLT-GSO,CLT,GSO,11057,11995
CHS-DFW,CHS,DFW,10994,11298
LAS-DCA,LAS,DCA,12889,11278
PHX-AGS,PHX,AGS,14107,10208
CLT-SFO,CLT,SFO,11057,14771
DFW-RDU,DFW,RDU,11298,14492
FAT-DFW,FAT,DFW,11638,11298
PHL-SFO,PHL,SFO,14100,14771
CLT-SAT,CLT,SAT,11057,14683
LAX-BOS,LAX,BOS,12892,10721
CID-CLT,CID,CLT,11003,11057
ORD-COU,ORD,COU,13930,11111
MIA-TPA,MIA,TPA,13303,15304
ECP-AUS,ECP,AUS,11481,10423
PHX-YUM,PHX,YUM,14107,16218
YUM-PHX,YUM,PHX,16218,14107
ILM-BOS,ILM,BOS,12323,10721
EYW-ORD,EYW,ORD,11624,13930
AUS-VPS,AUS,VPS,10423,15624
DFW-DAB,DFW,DAB,11298,11252
ITH-JFK,ITH,JFK,12397,12478
JFK-ITH,JFK,ITH,12478,12397
ATL-FAY,ATL,FAY,10397,11641
CLE-LGA,CLE,LGA,11042,12953
DHN-ATL,DHN,ATL,11308,10397
DTW-GSO,DTW,GSO,11433,11995
AGS-ATL,AGS,ATL,10208,10397
MSN-LGA,MSN,LGA,13485,12953
BQK-ATL,BQK,ATL,10731,10397
DTW-CHA,DTW,CHA,11433,10980
MSP-CLE,MSP,CLE,13487,11042
DTW-TVC,DTW,TVC,11433,15380
ROA-LGA,ROA,LGA,14574,12953
MSP-JFK,MSP,JFK,13487,12478
PHL-BTV,PHL,BTV,14100,10785
CLT-MHT,CLT,MHT,11057,13296
DCA-BTV,DCA,BTV,11278,10785
PHL-ORF,PHL,ORF,14100,13931
DCA-CLT,DCA,CLT,11278,11057
DCA-ORF,DCA,ORF,11278,13931
JAX-PHL,JAX,PHL,12451,14100
BHM-DCA,BHM,DCA,10599,11278
JAN-DCA,JAN,DCA,12448,11278
ROC-PHL,ROC,PHL,14576,14100
DTW-BTV,DTW,BTV,11433,10785
BOS-DCA,BOS,DCA,10721,11278
DFW-MKE,DFW,MKE,11298,13342
PHX-CID,PHX,CID,14107,11003
ILM-DFW,ILM,DFW,12323,11298
DFW-SBP,DFW,SBP,11298,14698
PHX-EUG,PHX,EUG,14107,11603
OKC-CLT,OKC,CLT,13851,11057
ROC-DFW,ROC,DFW,14576,11298
RDM-SFO,RDM,SFO,14489,14771
ORD-OGG,ORD,OGG,13930,13830
ORD-STT,ORD,STT,13930,15024
SAN-LAX,SAN,LAX,14679,12892
ABQ-MCI,ABQ,MCI,10140,13198
EUG-BUR,EUG,BUR,11603,10800
MCI-ABQ,MCI,ABQ,13198,10140
VPS-BWI,VPS,BWI,15624,10821
AUS-PNS,AUS,PNS,10423,14193
DAL-MYR,DAL,MYR,11259,13577
DEN-ECP,DEN,ECP,11292,11481
ECP-MDW,ECP,MDW,11481,13232
MCI-MYR,MCI,MYR,13198,13577
MCI-PDX,MCI,PDX,13198,14057
MYR-PIT,MYR,PIT,13577,14122
PDX-DAL,PDX,DAL,14057,11259
PDX-MCI,PDX,MCI,14057,13198
SAN-ATL,SAN,ATL,14679,10397
SAN-IND,SAN,IND,14679,12339
STL-CHS,STL,CHS,15016,10994
DAL-PHL,DAL,PHL,11259,14100
HOU-RDU,HOU,RDU,12191,14492
RDU-LAS,RDU,LAS,14492,12889
DFW-JAC,DFW,JAC,11298,12441
FCA-DFW,FCA,DFW,11648,11298
PDX-CLT,PDX,CLT,14057,11057
PHL-MSP,PHL,MSP,14100,13487
MCI-MIA,MCI,MIA,13198,13303
ANC-ADK,ANC,ADK,10299,10165
SEA-RSW,SEA,RSW,14747,14635
SLC-BOS,SLC,BOS,14869,10721
BOS-ACK,BOS,ACK,10721,10154
CHS-LAX,CHS,LAX,10994,12892
DTW-LAX,DTW,LAX,11433,12892
SNA-ATL,SNA,ATL,14908,10397
ATL-HPN,ATL,HPN,10397,12197
ATL-BZN,ATL,BZN,10397,10849
BZN-ATL,BZN,ATL,10849,10397
MSP-BDL,MSP,BDL,13487,10529
MSP-SRQ,MSP,SRQ,13487,14986
ATL-ECP,ATL,ECP,10397,11481
SLC-MSP,SLC,MSP,14869,13487
PDX-SLC,PDX,SLC,14057,14869
ATL-SJU,ATL,SJU,10397,14843
MSP-FAR,MSP,FAR,13487,11637
ATL-TUL,ATL,TUL,10397,15370
IAD-DTW,IAD,DTW,12264,11433
ATL-BTV,ATL,BTV,10397,10785
SAT-MSP,SAT,MSP,14683,13487
ATL-HSV,ATL,HSV,10397,12217
MEM-MSP,MEM,MSP,13244,13487
ATL-GRR,ATL,GRR,10397,11986
PVD-DTW,PVD,DTW,14307,11433
ATL-BOI,ATL,BOI,10397,10713
EWR-EYW,EWR,EYW,11618,11624
EYW-EWR,EYW,EWR,11624,11618
IAH-EGE,IAH,EGE,12266,11503
IAD-EYW,IAD,EYW,12264,11624
EGE-ORD,EGE,ORD,11503,13930
EWR-MTJ,EWR,MTJ,11618,13502
RSW-SFO,RSW,SFO,14635,14771
SBP-SFO,SBP,SFO,14698,14771
EWR-OGG,EWR,OGG,11618,13830
JFK-RNO,JFK,RNO,12478,14570
ATL-PSP,ATL,PSP,10397,14262
OGG-SLC,OGG,SLC,13830,14869
SLC-OGG,SLC,OGG,14869,13830
TPA-SLC,TPA,SLC,15304,14869
HSV-ATL,HSV,ATL,12217,10397
MSP-JAX,MSP,JAX,13487,12451
FLL-MSP,FLL,MSP,11697,13487
BIL-MSP,BIL,MSP,10620,13487
STT-ATL,STT,ATL,15024,10397
GEG-MSP,GEG,MSP,11884,13487
GRB-ATL,GRB,ATL,11977,10397
SLC-JAC,SLC,JAC,14869,12441
DTW-JAX,DTW,JAX,11433,12451
LAX-MEM,LAX,MEM,12892,13244
DTW-GSP,DTW,GSP,11433,11996
ATL-OAJ,ATL,OAJ,10397,13795
MSN-MSP,MSN,MSP,13485,13487
SLC-MIA,SLC,MIA,14869,13303
HDN-ATL,HDN,ATL,12094,10397
DTW-SAV,DTW,SAV,11433,14685
SRQ-MKE,SRQ,MKE,14986,13342
MCO-TUL,MCO,TUL,13204,15370
LGB-BOI,LGB,BOI,12954,10713
DCA-MSN,DCA,MSN,11278,13485
ECP-ORD,ECP,ORD,11481,13930
GSO-PHL,GSO,PHL,11995,14100
MIA-BUF,MIA,BUF,13303,10792
PIT-RDU,PIT,RDU,14122,14492
PIT-DTW,PIT,DTW,14122,11433
DTW-HPN,DTW,HPN,11433,12197
HPN-DTW,HPN,DTW,12197,11433
EGE-LAX,EGE,LAX,11503,12892
PAE-LAX,PAE,LAX,14004,12892
LAS-PAE,LAS,PAE,12889,14004
SAN-ANC,SAN,ANC,14679,10299
MSP-SAV,MSP,SAV,13487,14685
ATL-ANC,ATL,ANC,10397,10299
PHL-SAT,PHL,SAT,14100,14683
MDT-DFW,MDT,DFW,13230,11298
PHX-LIH,PHX,LIH,14107,12982
CLT-JAC,CLT,JAC,11057,12441
LIH-PHX,LIH,PHX,12982,14107
DEN-TYS,DEN,TYS,11292,15412
SBA-LAX,SBA,LAX,14689,12892
PSC-SFO,PSC,SFO,14252,14771
DEN-GUC,DEN,GUC,11292,12012
SUN-ORD,SUN,ORD,15041,13930
PHX-SGU,PHX,SGU,14107,14794
TYS-IAH,TYS,IAH,15412,12266
EWR-SDF,EWR,SDF,11618,14730
BWI-RIC,BWI,RIC,10821,14524
MDW-RNO,MDW,RNO,13232,14570
OMA-MIA,OMA,MIA,13871,13303
PGD-PVD,PGD,PVD,14082,14307
SFB-FAR,SFB,FAR,14761,11637
CHS-CVG,CHS,CVG,10994,11193
MLB-CVG,MLB,CVG,13360,11193
AUS-GRR,AUS,GRR,10423,11986
FLL-LCK,FLL,LCK,11697,12917
DAY-SFB,DAY,SFB,11267,14761
PGD-SYR,PGD,SYR,14082,15096
SRQ-ATW,SRQ,ATW,14986,10408
ORF-MSP,ORF,MSP,13931,13487
DTW-XNA,DTW,XNA,11433,15919
DFW-HDN,DFW,HDN,11298,12094
HDN-DFW,HDN,DFW,12094,11298
DEN-PBI,DEN,PBI,11292,14027
EWR-PVD,EWR,PVD,11618,14307
ISP-MIA,ISP,MIA,12391,13303
MIA-ISP,MIA,ISP,13303,12391
AUS-OMA,AUS,OMA,10423,13871
SJU-AUS,SJU,AUS,14843,10423
BWI-SMF,BWI,SMF,10821,14893
BNA-IND,BNA,IND,10693,12339
SMF-TUS,SMF,TUS,14893,15376
SRQ-CLE,SRQ,CLE,14986,11042
VPS-MCI,VPS,MCI,15624,13198
IAD-RIC,IAD,RIC,12264,14524
SBN-IAD,SBN,IAD,14696,12264
SYR-IAD,SYR,IAD,15096,12264
SBA-ATL,SBA,ATL,14689,10397
PVD-BNA,PVD,BNA,14307,10693
PHL-MEM,PHL,MEM,14100,13244
HHH-ORD,HHH,ORD,12124,13930
MIA-EGE,MIA,EGE,13303,11503
IAD-ABQ,IAD,ABQ,12264,10140
SEA-HOU,SEA,HOU,14747,12191
BWI-ONT,BWI,ONT,10821,13891
BWI-PDX,BWI,PDX,10821,14057
HOU-SEA,HOU,SEA,12191,14747
LGB-BWI,LGB,BWI,12954,10821
DAL-GEG,DAL,GEG,11259,11884
PVD-DAL,PVD,DAL,14307,11259
SAN-CMH,SAN,CMH,14679,11066
CAE-MIA,CAE,MIA,10868,13303
HHH-PHL,HHH,PHL,12124,14100
HYA-PHL,HYA,PHL,12250,14100
IAD-MYR,IAD,MYR,12264,13577
DTW-VPS,DTW,VPS,11433,15624
MSP-MYR,MSP,MYR,13487,13577
RAP-ATL,RAP,ATL,14457,10397
DCA-SAN,DCA,SAN,11278,14679
SMF-BOS,SMF,BOS,14893,10721
IDA-OAK,IDA,OAK,12280,13796
BOS-HNL,BOS,HNL,10721,12173
ITO-OGG,ITO,OGG,12402,13830
DFW-GCK,DFW,GCK,11298,11867
JAX-SEA,JAX,SEA,12451,14747
OKC-TYS,OKC,TYS,13851,15412
TVC-CLT,TVC,CLT,15380,11057
ANC-OGG,ANC,OGG,10299,13830
PDX-FLL,PDX,FLL,14057,11697
PDX-TPA,PDX,TPA,14057,15304
BOS-HDN,BOS,HDN,10721,12094
BUF-RDU,BUF,RDU,10792,14492
BMI-DEN,BMI,DEN,10685,11292
RDU-SYR,RDU,SYR,14492,15096
CLT-TTN,CLT,TTN,11057,15356
IND-RDU,IND,RDU,12339,14492
RDU-TTN,RDU,TTN,14492,15356
HOU-DSM,HOU,DSM,12191,11423
FWA-MYR,FWA,MYR,11823,13577
TRI-PIE,TRI,PIE,15323,14112
DSM-HOU,DSM,HOU,11423,12191
ORF-FLL,ORF,FLL,13931,11697
CVG-ORF,CVG,ORF,11193,13931
PSM-BNA,PSM,BNA,14259,10693
SAN-FSD,SAN,FSD,14679,11775
PSC-SAN,PSC,SAN,14252,14679
VPS-SHV,VPS,SHV,15624,14814
OKC-SFB,OKC,SFB,13851,14761
PSC-LAX,PSC,LAX,14252,12892
IND-SAV,IND,SAV,12339,14685
SHV-VPS,SHV,VPS,14814,15624
GEG-SNA,GEG,SNA,11884,14908
LEX-VPS,LEX,VPS,12945,15624
VPS-CKB,VPS,CKB,15624,11027
TXK-DFW,TXK,DFW,15401,11298
SEA-GTF,SEA,GTF,14747,12003
HOU-PHL,HOU,PHL,12191,14100
GFK-SFB,GFK,SFB,11898,14761
SFB-GFK,SFB,GFK,14761,11898
TYS-EYW,TYS,EYW,15412,11624
EYW-TYS,EYW,TYS,11624,15412
ALB-SRQ,ALB,SRQ,10257,14986
EGE-LGA,EGE,LGA,11503,12953
PDX-MSY,PDX,MSY,14057,13495
SJU-DTW,SJU,DTW,14843,11433
BTV-MSP,BTV,MSP,10785,13487
MSN-PHL,MSN,PHL,13485,14100
DCA-CID,DCA,CID,11278,11003
SCE-PHL,SCE,PHL,14711,14100
EGE-SFO,EGE,SFO,11503,14771
IDA-PHX,IDA,PHX,12280,14107
STS-PDX,STS,PDX,15023,14057
AUS-EGE,AUS,EGE,10423,11503
EGE-PHX,EGE,PHX,11503,14107
PWM-MCO,PWM,MCO,14321,13204
MCO-GRB,MCO,GRB,13204,11977
AZA-LAS,AZA,LAS,10466,12889
PBI-IND,PBI,IND,14027,12339
SFB-GSO,SFB,GSO,14761,11995
RSW-CHS,RSW,CHS,14635,10994
PDX-MSO,PDX,MSO,14057,13486
IAH-LBB,IAH,LBB,12266,12896
HDN-SEA,HDN,SEA,12094,14747
PSP-BOI,PSP,BOI,14262,10713
IAH-GPT,IAH,GPT,12266,11973
AVL-MIA,AVL,MIA,10431,13303
DFW-ATW,DFW,ATW,11298,10408
MIA-MDT,MIA,MDT,13303,13230
ANC-SMF,ANC,SMF,10299,14893
LBE-FLL,LBE,FLL,12898,11697
FLL-CAE,FLL,CAE,11697,10868
ROC-MYR,ROC,MYR,14576,13577
PHL-DSM,PHL,DSM,14100,11423
TLH-BHM,TLH,BHM,15249,10599
EWR-RNO,EWR,RNO,11618,14570
RNO-EWR,RNO,EWR,14570,11618
SLC-SBA,SLC,SBA,14869,14689
CLE-AUS,CLE,AUS,11042,10423
EWR-MDW,EWR,MDW,11618,13232
MCO-BTV,MCO,BTV,13204,10785
STL-MGM,STL,MGM,15016,13277
SMX-PHX,SMX,PHX,14905,14107
IAD-MGW,IAD,MGW,12264,13282
ORD-EAU,ORD,EAU,13930,11471
PDX-RDM,PDX,RDM,14057,14489
PSC-BUR,PSC,BUR,14252,10800
SLC-LIT,SLC,LIT,14869,12992
SLC-XNA,SLC,XNA,14869,15919
XNA-SLC,XNA,SLC,15919,14869
GJT-SLC,GJT,SLC,11921,14869
GJT-AZA,GJT,AZA,11921,10466
SFB-OWB,SFB,OWB,14761,13983
INL-HIB,INL,HIB,12343,12129
ORD-ERI,ORD,ERI,13930,11577
ISP-ATL,ISP,ATL,12391,10397
CLE-SAV,CLE,SAV,11042,14685
CLE-MSY,CLE,MSY,11042,13495
CMH-MSY,CMH,MSY,11066,13495
MSY-CMH,MSY,CMH,13495,11066
LRD-LAX,LRD,LAX,13061,12892
CAK-LAS,CAK,LAS,10874,12889
IAH-BOI,IAH,BOI,12266,10713
MVY-ORD,MVY,ORD,13541,13930
AVL-PHL,AVL,PHL,10431,14100
SDF-MYR,SDF,MYR,14730,13577
CLE-PIT,CLE,PIT,11042,14122
MSN-BHM,MSN,BHM,13485,10599
TPA-PWM,TPA,PWM,15304,14321
PBI-CLE,PBI,CLE,14027,11042
ATW-IAH,ATW,IAH,10408,12266
ORD-RHI,ORD,RHI,13930,14520
ORD-IDA,ORD,IDA,13930,12280
DTW-LNK,DTW,LNK,11433,13029
LNK-DTW,LNK,DTW,13029,11433
MOB-CLT,MOB,CLT,13422,11057
GNV-BNA,GNV,BNA,11953,10693
IND-MDW,IND,MDW,12339,13232
MDW-IND,MDW,IND,13232,12339
CLE-DAL,CLE,DAL,11042,11259
LGA-SJU,LGA,SJU,12953,14843
FAR-MCO,FAR,MCO,11637,13204
MCO-BMI,MCO,BMI,13204,10685
MYR-MSY,MYR,MSY,13577,13495
BOS-OMA,BOS,OMA,10721,13871
HHH-DFW,HHH,DFW,12124,11298
MSN-IAD,MSN,IAD,13485,12264
MIA-CLL,MIA,CLL,13303,11049
DTW-DAL,DTW,DAL,11433,11259
PHL-IAD,PHL,IAD,14100,12264
MIA-BQN,MIA,BQN,13303,10732
GUF-MCI,GUF,MCI,16422,13198
ERI-CLT,ERI,CLT,11577,11057
DRT-DFW,DRT,DFW,11415,11298
BHM-AUS,BHM,AUS,10599,10423
BOS-SBN,BOS,SBN,10721,14696
IAH-SBN,IAH,SBN,12266,14696
MDT-EUG,MDT,EUG,13230,11603
JAN-LAS,JAN,LAS,12448,12889
BOS-GSP,BOS,GSP,10721,11996
LAS-JAX,LAS,JAX,12889,12451
SAF-ORD,SAF,ORD,14674,13930
BDL-IAH,BDL,IAH,10529,12266
SLC-MSN,SLC,MSN,14869,13485
FAR-ATL,FAR,ATL,11637,10397
MSY-OKC,MSY,OKC,13495,13851
SBN-HOU,SBN,HOU,14696,12191
OKC-EUG,OKC,EUG,13851,11603
IAH-BUF,IAH,BUF,12266,10792
SEA-WRG,SEA,WRG,14747,15841
DAB-JFK,DAB,JFK,11252,12478
CLT-PSP,CLT,PSP,11057,14262
STX-ORD,STX,ORD,15027,13930
JAX-LAX,JAX,LAX,12451,12892
LGA-LEX,LGA,LEX,12953,12945
DCA-CLL,DCA,CLL,11278,11049
LAS-ORF,LAS,ORF,12889,13931
DTW-OAK,DTW,OAK,11433,13796
SBN-SFO,SBN,SFO,14696,14771
CAE-OKC,CAE,OKC,10868,13851
EVV-CLT,EVV,CLT,11612,11057
MDT-MSP,MDT,MSP,13230,13487
VPS-MIA,VPS,MIA,15624,13303
